Manufacturer,Model_Name,Category,Screen_Size_Inches,Screen,CPU,Cpu_Brands,RAM_GB,Storage,Type of storage,GPU,Gpu_Brand_Name,OS,Operating_System_Version,Weight,Price_Euros
Asus,ZenBook UX430UN,Ultrabook,14.0,Full HD 1920x1080,Intel Core i7 8550U 1.8GHz,Intel,16.0,512GB SSD,SSD,Nvidia GeForce MX150,Nvidia,Windows,10,1.3kg,"1495,00"
Lenovo,IdeaPad 320-15IKB,Notebook,15.6,Full HD 1920x1080,Intel Core i3 7100U 2.4GHz,Intel,8.0,1TB HDD,HDD,Nvidia GeForce 940MX,Nvidia,No OS,,2.2kg,"499,00"
Lenovo,Legion Y520-15IKBN,Gaming,15.6,IPS Panel Full HD 1920x1080,Intel Core i5 7300HQ 2.5GHz,Intel,8.0,128GB SSD +  1TB HDD,SSD,Nvidia GeForce GTX 1050,Nvidia,Windows,10,2.5kg,"999,00"
HP,ProBook 470,Notebook,17.3,Full HD 1920x1080,Intel Core i5 8250U 1.6GHz,Intel,8.0,1TB HDD,HDD,Nvidia GeForce 930MX,Nvidia,Windows,10,2.5kg,"896,00"
HP,ProBook 450,Notebook,15.6,Full HD 1920x1080,Intel Core i5 8250U 1.6GHz,Intel,8.0,256GB SSD,SSD,Nvidia GeForce 930MX ,Nvidia,Windows,10,2.1kg,"879,00"
Dell,Inspiron 7577,Gaming,15.6,IPS Panel Full HD 1920x1080,Intel Core i7 7700HQ 2.8GHz,Intel,16.0,256GB SSD +  1TB HDD,SSD,Nvidia GeForce GTX 1060,Nvidia,Windows,10,2.65kg,"1499,00"
Asus,X542UQ-GO005 (i5-7200U/8GB/1TB/GeForce,Notebook,15.6,1366x768,Intel Core i5 7200U 2.5GHz,Intel,8.0,1TB HDD,HDD,Nvidia GeForce 940MX,Nvidia,Linux,,2.3kg,"522,99"
Dell,Inspiron 7773,2 in 1 Convertible,17.3,Full HD / Touchscreen 1920x1080,Intel Core i5 8250U 1.6GHz,Intel,12.0,1TB HDD,HDD,Nvidia GeForce 150MX,Nvidia,Windows,10,2.77kg,"999,00"
Asus,X751NV-TY001T (N4200/4GB/1TB/GeForce,Notebook,17.3,1366x768,Intel Pentium Quad Core N4200 1.1GHz,Intel,4.0,1TB HDD,HDD,Nvidia GeForce 920MX,Nvidia,Windows,10,2.8kg,"466,00"
Acer,Aspire A515-51G,Notebook,15.6,IPS Panel Full HD 1920x1080,Intel Core i7 8550U 1.8GHz,Intel,8.0,256GB SSD,SSD,Nvidia GeForce MX150,Nvidia,Windows,10,2.2kg,"841,00"
MSI,GS73VR 7RG,Gaming,17.3,Full HD 1920x1080,Intel Core i7 7700HQ 2.8GHz,Intel,16.0,256GB SSD +  2TB HDD,SSD,Nvidia GeForce GTX 1070,Nvidia,Windows,10,2.43kg,"2449,00"
Asus,ZenBook Pro,Ultrabook,15.6,Full HD 1920x1080,Intel Core i7 7700HQ 2.8GHz,Intel,16.0,512GB SSD,SSD,Nvidia GeForce GTX 1050 Ti,Nvidia,Windows,10,1.8kg,"1983,00"
Asus,FX753VE-GC093 (i7-7700HQ/12GB/1TB/GeForce,Gaming,17.3,Full HD 1920x1080,Intel Core i7 7700HQ 2.8GHz,Intel,12.0,1TB HDD,HDD,Nvidia GeForce GTX 1050 Ti,Nvidia,Linux,,3kg,"949,00"
MSI,GL72M 7RDX,Gaming,17.3,Full HD 1920x1080,Intel Core i5 7300HQ 2.5GHz,Intel,8.0,128GB SSD +  1TB HDD,SSD,Nvidia GeForce GTX 1050,Nvidia,Windows,10,2.7kg,"1095,00"
Asus,FX503VD-E4022T (i7-7700HQ/8GB/1TB/GeForce,Gaming,15.6,Full HD 1920x1080,Intel Core i7 7700HQ 2.8GHz,Intel,8.0,1TB HDD,HDD,Nvidia GeForce GTX 1050,Nvidia,Windows,10,2.2kg,"949,00"
Acer,Aspire A515-51G-32MX,Notebook,15.6,Full HD 1920x1080,Intel Core i3 7130U 2.7GHz,Intel,4.0,1TB HDD,HDD,Nvidia GeForce MX130,Nvidia,Windows,10,2.2kg,"530,00"
HP,ProBook 470,Notebook,17.3,Full HD 1920x1080,Intel Core i5 8250U 1.6GHz,Intel,8.0,128GB SSD +  1TB HDD,SSD,Nvidia GeForce 930MX,Nvidia,Windows,10,2.5kg,"977,00"
Dell,Inspiron 7577,Gaming,15.6,IPS Panel Full HD 1920x1080,Intel Core i7 7700HQ 2.8GHz,Intel,16.0,128GB SSD +  1TB HDD,SSD,Nvidia GeForce GTX 1050 Ti,Nvidia,Windows,10,2.65kg,"1349,00"
HP,Pavilion 15-CK000nv,Ultrabook,15.6,IPS Panel Full HD 1920x1080,Intel Core i7 8550U 1.8GHz,Intel,8.0,256GB SSD,SSD,Nvidia GeForce GTX 940MX,Nvidia,Windows,10,1.83kg,"699,00"
Asus,FX503VM-E4007T (i7-7700HQ/16GB/1TB,Gaming,15.6,IPS Panel Full HD 1920x1080,Intel Core i7 7700HQ 2.8GHz,Intel,16.0,128GB SSD +  1TB HDD,SSD,Nvidia GeForce GTX 1060,Nvidia,Windows,10,2.2kg,"1449,00"
Acer,Aspire 5,Notebook,15.6,Full HD 1920x1080,Intel Core i7 8550U 1.8GHz,Intel,8.0,1TB HDD,HDD,Nvidia GeForce MX150,Nvidia,Windows,10,2.2kg,"689,00"
Dell,Inspiron 7577,Gaming,15.6,Full HD 1920x1080,Intel Core i5 7300HQ 2.5GHz,Intel,8.0,256GB SSD,SSD,Nvidia GeForce GTX 1060,Nvidia,Windows,10,2.65kg,"1195,00"
Asus,X541UV-DM1439T (i3-7100U/6GB/256GB/GeForce,Notebook,15.6,Full HD 1920x1080,Intel Core i3 7100U 2.4GHz,Intel,6.0,256GB SSD,SSD,Nvidia GeForce 920M,Nvidia,Windows,10,2kg,"577,00"
HP,Omen 15-ce007nv,Gaming,15.6,IPS Panel Full HD 1920x1080,Intel Core i7 7700HQ 2.8GHz,Intel,12.0,128GB SSD +  1TB HDD,SSD,Nvidia GeForce GTX 1050,Nvidia,Windows,10,2.62kg,"1249,00"
HP,Envy 13-ad009n,Ultrabook,13.3,IPS Panel Full HD 1920x1080,Intel Core i7 7500U 2.7GHz,Intel,8.0,256GB SSD,SSD,Nvidia GeForce MX150,Nvidia,Windows,10,1.38kg,"1119,00"
HP,Pavilion 14-BK001nv,Notebook,14.0,IPS Panel Full HD 1920x1080,Intel Core i5 7200U 2.5GHz,Intel,6.0,256GB SSD,SSD,Nvidia GeForce 940MX,Nvidia,Windows,10,1.58kg,"659,00"
Asus,UX430UQ-GV209R (i7-7500U/8GB/256GB/GeForce,Ultrabook,14.0,IPS Panel Full HD 1920x1080,Intel Core i7 7500U 2.7GHz,Intel,8.0,256GB SSD,SSD,Nvidia GeForce 940MX,Nvidia,Windows,10,1.3kg,"1193,00"
MSI,GP62M 7REX,Gaming,15.6,Full HD 1920x1080,Intel Core i7 7700HQ 2.8GHz,Intel,16.0,256GB SSD +  1TB HDD,SSD,Nvidia GeForce GTX 1050 Ti,Nvidia,Windows,10,2.2kg,"1299,00"
Asus,VivoBook S15,Ultrabook,15.6,Full HD 1920x1080,Intel Core i7 8550U 1.8GHz,Intel,16.0,256GB SSD +  1TB HDD,SSD,Nvidia GeForce MX150,Nvidia,Windows,10,1.5kg,"1262,00"
Dell,Inspiron 7570,Notebook,15.6,IPS Panel Full HD 1920x1080,Intel Core i7 8550U 1.8GHz,Intel,8.0,256GB SSD +  1TB HDD,SSD,Nvidia GeForce 940MX,Nvidia,Windows,10,2.16kg,"1130,33"
Asus,X705UV-BX074T (i3-6006U/4GB/1TB/GeForce,Notebook,17.3,Full HD 1920x1080,Intel Core i3 6006U 2GHz,Intel,4.0,1TB HDD,HDD,Nvidia GeForce 920MX,Nvidia,Windows,10,2kg,"564,00"
Asus,VivoBook S15,Notebook,15.6,Full HD 1920x1080,Intel Core i7 8550U 1.8GHz,Intel,8.0,256GB SSD,SSD,Nvidia GeForce 940MX,Nvidia,Windows,10,1.7kg,"1118,00"
MSI,GS63VR 7RG,Gaming,15.6,Full HD 1920x1080,Intel Core i7 7700HQ 2.8GHz,Intel,16.0,256GB SSD +  2TB HDD,SSD,Nvidia GeForce GTX 1070,Nvidia,Windows,10,1.8kg,"2241,50"
Lenovo,IdeaPad 320-15IKBN,Notebook,15.6,Full HD 1920x1080,Intel Core i5 7200U 2.5GHz,Intel,8.0,256GB SSD,SSD,Nvidia GeForce 940MX,Nvidia,No OS,,2.2kg,"629,00"
HP,Probook 470,Notebook,17.3,Full HD 1920x1080,Intel Core i7 8550U 1.8GHz,Intel,16.0,512GB SSD,SSD,Nvidia GeForce 930MX ,Nvidia,Windows,10,2.5kg,"1271,00"
Acer,Aspire A515-51G-37JS,Notebook,15.6,Full HD 1920x1080,Intel Core i3 7130U 2.7GHz,Intel,4.0,256GB SSD,SSD,Nvidia GeForce MX130,Nvidia,Windows,10,2.2kg,"572,00"
Asus,FX753VD-GC086T (i5-7300HQ/8GB/1TB,Gaming,17.3,Full HD 1920x1080,Intel Core i5 7300HQ 2.5GHz,Intel,8.0,128GB SSD +  1TB HDD,SSD,Nvidia GeForce GTX 1050,Nvidia,Windows,10,3kg,"938,00"
Lenovo,IdeaPad 320-15IKBN,Notebook,15.6,Full HD 1920x1080,Intel Core i5 7200U 2.5GHz,Intel,4.0,1TB HDD,HDD,Nvidia GeForce 920MX,Nvidia,No OS,,2.2kg,"499,00"
Acer,Aspire 5,Notebook,17.3,IPS Panel Full HD 1920x1080,Intel Core i3 7130U 2.7GHz,Intel,4.0,1TB HDD,HDD,Nvidia GeForce MX130,Nvidia,Windows,10,3kg,"655,00"
Lenovo,Legion Y520-15IKBN,Gaming,15.6,IPS Panel Full HD 1920x1080,Intel Core i7 7700HQ 2.8GHz,Intel,8.0,256GB SSD,SSD,Nvidia GeForce GTX 1050M,Nvidia,No OS,,2.4kg,"869,00"
MSI,GE72MVR 7RG,Gaming,17.3,Full HD 1920x1080,Intel Core i7 7700HQ 2.8GHz,Intel,16.0,256GB SSD +  1TB HDD,SSD,Nvidia GeForce GTX 1070,Nvidia,Windows,10,2.9kg,"2029,00"
Dell,Inspiron 5577,Gaming,15.6,Full HD 1920x1080,Intel Core i7 7700HQ 2.8GHz,Intel,16.0,512GB SSD,SSD,Nvidia GeForce GTX 1050,Nvidia,Windows,10,2.56kg,"1249,26"
Dell,Inspiron 7567,Gaming,15.6,Full HD 1920x1080,Intel Core i7 7700HQ 2.8GHz,Intel,8.0,1TB Hybrid,Hybrid,Nvidia GeForce GTX 1050,Nvidia,Windows,10,2.62kg,"899,00"
MSI,GE73VR 7RE,Gaming,17.3,Full HD 1920x1080,Intel Core i7 7700HQ 2.8GHz,Intel,16.0,256GB SSD +  1TB HDD,SSD,Nvidia GeForce GTX 1060,Nvidia,Windows,10,2.8kg,"1890,00"
Acer,Aspire A517-51G,Notebook,17.3,IPS Panel Full HD 1920x1080,Intel Core i5 8250U 1.6GHz,Intel,4.0,256GB SSD,SSD,Nvidia GeForce MX150,Nvidia,Windows,10,3kg,"805,00"
Lenovo,Legion Y520-15IKBN,Gaming,15.6,IPS Panel Full HD 1920x1080,Intel Core i7 7700HQ 2.8GHz,Intel,16.0,256GB SSD,SSD,Nvidia GeForce GTX 1050 Ti,Nvidia,Windows,10,2.5kg,"1079,00"
MSI,GE63VR 7RE,Gaming,15.6,IPS Panel Full HD 1920x1080,Intel Core i7 7700HQ 2.8GHz,Intel,16.0,256GB SSD +  1TB HDD,SSD,Nvidia GeForce GTX 1060,Nvidia,Windows,10,2.4kg,"1799,00"
Dell,Inspiron 5577,Gaming,15.6,Full HD 1920x1080,Intel Core i7 7700HQ 2.8GHz,Intel,8.0,128GB SSD +  1TB HDD,SSD,Nvidia GeForce GTX 1050,Nvidia,Windows,10,2.56kg,"1060,49"
Acer,Aspire A517-51G,Notebook,17.3,IPS Panel Full HD 1920x1080,Intel Core i5 8250U 1.6GHz,Intel,8.0,256GB SSD,SSD,Nvidia GeForce MX150,Nvidia,Windows,10,3kg,"854,00"
HP,ProBook 470,Notebook,17.3,Full HD 1920x1080,Intel Core i5 8250U 1.6GHz,Intel,8.0,256GB SSD,SSD,Nvidia GeForce 930MX,Nvidia,Windows,10,2.5kg,"923,00"
MSI,GT80S 6QF-074US,Gaming,18.4,Full HD 1920x1080,Intel Core i7 6920HQ 2.9GHz,Intel,32.0,512GB SSD +  1TB HDD,SSD,Nvidia GTX 980 SLI,Nvidia,Windows,10,4.4kg,"2799,00"
Xiaomi,Mi Notebook,Notebook,15.6,IPS Panel Full HD 1920x1080,Intel Core i5 8250U 1.6GHz,Intel,8.0,256GB SSD,SSD,Nvidia GeForce MX150,Nvidia,No OS,,1.95kg,"1199,00"
Dell,Inspiron 7773,Notebook,17.3,Full HD / Touchscreen 1920x1080,Intel Core i7 8550U 1.8GHz,Intel,16.0,512GB SSD,SSD,Nvidia GeForce 150MX,Nvidia,Windows,10,2.77kg,"1549,00"
Dell,XPS 15,Notebook,15.6,4K Ultra HD / Touchscreen 3840x2160,Intel Core i7 7700HQ 2.8GHz,Intel,16.0,512GB SSD,SSD,Nvidia GeForce GTX 1050,Nvidia,Windows,10,2.06kg,"2397,00"
Lenovo,Legion Y520-15IKBN,Gaming,15.6,IPS Panel Full HD 1920x1080,Intel Core i5 7300HQ 2.5GHz,Intel,8.0,256GB SSD,SSD,Nvidia GeForce GTX 1050,Nvidia,No OS,,2.4kg,"779,00"
Xiaomi,Mi Notebook,Ultrabook,13.3,IPS Panel Full HD 1920x1080,Intel Core i5 7200U 2.5GHz,Intel,8.0,256GB SSD,SSD,Nvidia GeForce MX150,Nvidia,No OS,,1.3kg,"999,90"
Lenovo,IdeaPad 320-17IKBR,Notebook,17.3,1600x900,Intel Core i5 8250U 1.6GHz,Intel,8.0,256GB SSD,SSD,Nvidia GeForce MX150,Nvidia,No OS,,2.8kg,"698,00"
HP,ProBook 470,Notebook,17.3,IPS Panel Full HD 1920x1080,Intel Core i5 8250U 1.6GHz,Intel,8.0,1TB HDD,HDD,Nvidia GeForce 930MX,Nvidia,Windows,10,2.5kg,"914,00"
Razer,Blade Pro,Gaming,17.3,4K Ultra HD / Touchscreen 3840x2160,Intel Core i7 7820HK 2.9GHz,Intel,32.0,1TB SSD,SSD,Nvidia GeForce GTX 1080,Nvidia,Windows,10,3.49kg,"6099,00"
HP,Omen 17-W295,Gaming,17.3,IPS Panel Full HD 1920x1080,Intel Core i7 7700HQ 2.8GHz,Intel,16.0,256GB SSD +  1TB HDD,SSD,Nvidia GeForce GTX 1050,Nvidia,Windows,10,3.35kg,"1379,00"
HP,Probook 470,Notebook,17.3,Full HD 1920x1080,Intel Core i7 8550U 1.8GHz,Intel,8.0,256GB SSD,SSD,Nvidia GeForce 930MX ,Nvidia,Windows,10,2.5kg,"1045,00"
Dell,Inspiron 7577,Gaming,15.6,IPS Panel 4K Ultra HD 3840x2160,Intel Core i7 7700HQ 2.8GHz,Intel,16.0,512GB SSD +  1TB HDD,SSD,Nvidia GeForce GTX 1060,Nvidia,Windows,10,2.65kg,"1845,00"
Acer,Aspire E5-576G,Notebook,15.6,Full HD 1920x1080,Intel Core i7 7500U 2.7GHz,Intel,8.0,1TB HDD,HDD,Nvidia GeForce 940MX,Nvidia,Windows,10,2.23kg,"742,00"
Lenovo,Legion Y720-15IKB,Gaming,15.6,IPS Panel Full HD 1920x1080,Intel Core i7 7700HQ 2.8GHz,Intel,16.0,512GB SSD +  1TB HDD,SSD,Nvidia GeForce GTX 1060,Nvidia,Windows,10,3.2kg,"1749,00"
Dell,Precision 7520,Workstation,15.6,4K Ultra HD 3840x2160,Intel Xeon E3-1505M V6 3GHz,Intel,16.0,256GB SSD +  1TB HDD,SSD,Nvidia Quadro M1200,Nvidia,Windows,10,2.8kg,"3055,00"
Lenovo,Legion Y520-15IKBN,Gaming,15.6,Full HD 1920x1080,Intel Core i7 7700HQ 2.8GHz,Intel,16.0,512GB SSD,SSD,Nvidia GeForce GTX 1060,Nvidia,No OS,,2.4kg,"1398,00"
Acer,Aspire 7,Notebook,15.6,Full HD 1920x1080,Intel Core i7 7700HQ 2.8GHz,Intel,8.0,1TB HDD,HDD,Nvidia GeForce GTX 1050,Nvidia,Linux,,2.4kg,"779,00"
Asus,ROG GL703VD-GC028T,Gaming,17.3,Full HD 1920x1080,Intel Core i7 7700HQ 2.8GHz,Intel,16.0,256GB SSD +  1TB HDD,SSD,Nvidia GeForce GTX 1050,Nvidia,Windows,10,2.9kg,"1407,00"
Lenovo,IdeaPad 320-17IKB,Notebook,17.3,1600x900,Intel Core i5 7200U 2.5GHz,Intel,8.0,1TB HDD,HDD,Nvidia GeForce GTX 940MX,Nvidia,No OS,,2.8kg,"589,00"
HP,Probook 440,Notebook,14.0,Full HD 1920x1080,Intel Core i7 8550U 1.8GHz,Intel,8.0,256GB SSD,SSD,Nvidia GeForce 930MX,Nvidia,Windows,10,1.63kg,"1031,00"
Dell,Alienware 17,Gaming,17.3,IPS Panel Full HD 1920x1080,Intel Core i7 7700HQ 2.8GHz,Intel,16.0,256GB SSD +  1TB HDD,SSD,Nvidia GeForce GTX 1060,Nvidia,Windows,10,4.42kg,"2456,34"
Acer,Aspire E5-576G,Notebook,15.6,Full HD 1920x1080,Intel Core i7 7500U 2.7GHz,Intel,8.0,256GB SSD,SSD,Nvidia GeForce 940MX,Nvidia,Windows,10,2.2kg,"832,00"
Asus,Vivobook X541UV-DM1217T,Notebook,15.6,Full HD 1920x1080,Intel Core i5 7200U 2.5GHz,Intel,8.0,256GB SSD,SSD,Nvidia GeForce 920MX ,Nvidia,Windows,10,2kg,"769,00"
Asus,K756UX-T4340T (i5-7200U/8GB/500GB,Notebook,17.3,Full HD 1920x1080,Intel Core i5 7200U 2.5GHz,Intel,8.0,256GB SSD +  500GB HDD,SSD,Nvidia GeForce GTX 950M,Nvidia,Windows,10,2.69kg,"891,00"
Lenovo,Legion Y720-15IKB,Gaming,15.6,IPS Panel Full HD 1920x1080,Intel Core i7 7700HQ 2.8GHz,Intel,16.0,256GB SSD +  1TB HDD,SSD,Nvidia GeForce GTX 1060,Nvidia,Windows,10,3.2kg,"1499,00"
Asus,ROG G703VI-E5062T,Gaming,17.3,Full HD 1920x1080,Intel Core i7 7820HK 2.9GHz,Intel,32.0,512GB SSD +  1TB HDD,SSD,Nvidia GeForce GTX 1080,Nvidia,Windows,10,4.7kg,"3890,00"
Acer,Nitro AN515-51,Gaming,15.6,IPS Panel Full HD 1920x1080,Intel Core i5 7300HQ 2.5GHz,Intel,8.0,256GB SSD,SSD,Nvidia GeForce GTX 1050,Nvidia,Windows,10,2.5kg,"846,00"
Asus,VivoBook Pro,Notebook,17.3,Full HD 1920x1080,Intel Core i7 8550U 1.8GHz,Intel,8.0,128GB SSD +  1TB HDD,SSD,Nvidia GeForce 150MX,Nvidia,Windows,10,2.1kg,"1145,00"
Asus,F756UX-T4201D (i7-7500U/8GB/128GB,Notebook,17.3,Full HD 1920x1080,Intel Core i7 7500U 2.7GHz,Intel,8.0,128GB SSD +  1TB HDD,SSD,Nvidia GeForce GTX 950M,Nvidia,No OS,,2.69kg,"889,00"
Dell,Inspiron 5577,Gaming,15.6,Full HD 1920x1080,Intel Core i5 7300HQ 2.5GHz,Intel,8.0,256GB SSD,SSD,Nvidia GeForce GTX 1050,Nvidia,Windows,10,2.56kg,"879,00"
Asus,Rog G701VIK-BA060T,Gaming,17.3,Full HD 1920x1080,Intel Core i7 7820HK 2.9GHz,Intel,16.0,256GB SSD,SSD,Nvidia GeForce GTX 1080,Nvidia,Windows,10,3.6kg,"2999,00"
Asus,ROG G752VSK-GC493T,Gaming,17.3,Full HD 1920x1080,Intel Core i7 7700HQ 2.8GHz,Intel,16.0,256GB SSD +  1TB HDD,SSD,Nvidia GeForce GTX 980M,Nvidia,Windows,10,4.3kg,"1799,00"
Acer,Aspire 5,Notebook,17.3,IPS Panel Full HD 1920x1080,Intel Core i3 7130U 2.7GHz,Intel,4.0,256GB SSD,SSD,Nvidia GeForce MX130,Nvidia,Windows,10,3kg,"702,00"
HP,Envy 17-U275cl,Notebook,17.3,IPS Panel Full HD 1920x1080,Intel Core i7 8550U 1.8GHz,Intel,16.0,1TB HDD,HDD,Nvidia GeForce MX150,Nvidia,Windows,10,2.9kg,"1059,00"
MSI,GT73EVR 7RE,Gaming,17.3,Full HD 1920x1080,Intel Core i7 7700HQ 2.8GHz,Intel,16.0,512GB SSD +  1TB HDD,SSD,Nvidia GeForce GTX 1070,Nvidia,Windows,10,4.14kg,"2499,00"
Lenovo,Yoga 720-15IKB,2 in 1 Convertible,15.6,IPS Panel Full HD / Touchscreen 1920x1080,Intel Core i7 7700HQ 2.8GHz,Intel,8.0,512GB SSD,SSD,Nvidia GeForce GTX 1050M,Nvidia,Windows,10,2kg,"1699,00"
HP,Probook 470,Notebook,17.3,Full HD 1920x1080,Intel Core i7 8550U 1.8GHz,Intel,8.0,1TB HDD,HDD,Nvidia GeForce 930MX ,Nvidia,Windows,10,2.5kg,"1018,00"
Toshiba,Satellite Pro,Notebook,15.6,1366x768,Intel Core i7 6500U 2.5GHz,Intel,8.0,500GB HDD,HDD,Nvidia GeForce 930M,Nvidia,Windows,10,2.2kg,"812,00"
Acer,Aspire A515-51G,Notebook,15.6,IPS Panel Full HD 1920x1080,Intel Core i7 8550U 1.8GHz,Intel,8.0,1TB HDD,HDD,Nvidia GeForce MX130,Nvidia,Windows,10,2.2kg,"745,00"
Lenovo,IdeaPad 320-17IKBR,Notebook,17.3,Full HD 1920x1080,Intel Core i7 8550U 1.8GHz,Intel,8.0,2TB HDD,HDD,Nvidia GeForce MX150,Nvidia,No OS,,2.8kg,"849,00"
Lenovo,IdeaPad 320-17IKB,Notebook,17.3,1600x900,Intel Core i7 7500U 2.7GHz,Intel,6.0,128GB SSD +  1TB HDD,SSD,Nvidia GeForce 940MX,Nvidia,Windows,10,2.8kg,"859,00"
Lenovo,Legion Y520-15IKBN,Gaming,15.6,IPS Panel Full HD 1920x1080,Intel Core i5 7300HQ 2.5GHz,Intel,8.0,256GB SSD,SSD,Nvidia GeForce GTX 1050,Nvidia,Windows,10,2.5kg,"829,00"
Acer,Aspire A517-51G,Notebook,15.6,IPS Panel Full HD 1920x1080,Intel Core i7 8550U 1.8GHz,Intel,8.0,256GB SSD,SSD,Nvidia GeForce MX150,Nvidia,Windows,10,3kg,"951,00"
Asus,VivoBook S15,Ultrabook,15.6,Full HD 1920x1080,Intel Core i5 7200U 2.5GHz,Intel,8.0,256GB SSD,SSD,Nvidia GeForce 940MX,Nvidia,Windows,10,1.7kg,"977,00"
Lenovo,Legion Y520-15IKBN,Gaming,15.6,IPS Panel Full HD 1920x1080,Intel Core i7 7700HQ 2.8GHz,Intel,16.0,256GB SSD +  1TB HDD,SSD,Nvidia GeForce GTX 1050 Ti,Nvidia,Windows,10,2.5kg,"1179,00"
Lenovo,IdeaPad 320-15IKB,Notebook,15.6,Full HD 1920x1080,Intel Core i7 7500U 2.7GHz,Intel,8.0,1TB HDD,HDD,Nvidia GeForce 940MX,Nvidia,No OS,,2.2kg,"659,01"
Asus,FX753VD-GC071T (i7-7700HQ/8GB/1TB/GeForce,Gaming,17.3,Full HD 1920x1080,Intel Core i7 7700HQ 2.8GHz,Intel,8.0,1TB HDD,HDD,Nvidia GeForce GTX 1050,Nvidia,Windows,10,3kg,"1187,00"
Dell,XPS 15,Notebook,15.6,Full HD 1920x1080,Intel Core i7 7700HQ 2.8GHz,Intel,8.0,256GB SSD,SSD,Nvidia GeForce GTX 1050,Nvidia,Windows,10,2kg,"1829,00"
Lenovo,Legion Y720-15IKB,Gaming,15.6,IPS Panel Full HD 1920x1080,Intel Core i7 7700HQ 2.8GHz,Intel,8.0,1TB HDD,HDD,Nvidia GeForce GTX 1060,Nvidia,Windows,10,3.2kg,"1299,00"
Acer,Aspire A715-71G,Notebook,15.6,Full HD 1920x1080,Intel Core i7 7700HQ 2.8GHz,Intel,8.0,256GB SSD,SSD,Nvidia GeForce GTX 1050 Ti,Nvidia,Linux,,2.5kg,"979,00"
Dell,Precision 7720,Workstation,17.3,Full HD 1920x1080,Intel Core i7 7820HQ 2.9GHz,Intel,16.0,256GB SSD,SSD,Nvidia Quadro M1200,Nvidia,Windows,10,3.42kg,"2884,86"
Asus,ZenBook UX530UQ-PRO,Ultrabook,15.6,Full HD 1920x1080,Intel Core i7 7500U 2.7GHz,Intel,16.0,512GB SSD,SSD,Nvidia GeForce 940MX,Nvidia,Windows,10,1.63kg,"1468,00"
Asus,Rog GL702VS-GC095T,Gaming,17.3,Full HD 1920x1080,Intel Core i7 7700HQ 2.8GHz,Intel,16.0,256GB SSD +  1TB HDD,SSD,Nvidia GeForce GTX 1070,Nvidia,Windows,10,2.9kg,"2122,00"
Lenovo,IdeaPad 320-17IKB,Notebook,17.3,1600x900,Intel Core i5 7200U 2.5GHz,Intel,6.0,1TB HDD,HDD,Nvidia GeForce GTX 940M,Nvidia,Windows,10,2.8kg,"649,00"
Lenovo,IdeaPad 320-15IKBN,Notebook,15.6,1366x768,Intel Core i5 7200U 2.5GHz,Intel,8.0,2TB HDD,HDD,Nvidia GeForce 940MX,Nvidia,No OS,,2.2kg,"549,00"
Asus,GL553VE-FY082T (i7-7700HQ/8GB/1TB,Gaming,15.6,Full HD 1920x1080,Intel Core i7 7700HQ 2.8GHz,Intel,8.0,128GB SSD +  1TB HDD,SSD,Nvidia GeForce GTX 1050 Ti,Nvidia,Windows,10,2.5kg,"1265,00"
Toshiba,Satellite Pro,Notebook,15.6,IPS Panel Full HD 1920x1080,Intel Core i7 6500U 2.5GHz,Intel,8.0,256GB SSD,SSD,Nvidia GeForce 930M,Nvidia,Windows,10,2.2kg,"1043,00"
Lenovo,IdeaPad 320-15IKB,Notebook,15.6,Full HD 1920x1080,Intel Core i5 7200U 2.5GHz,Intel,8.0,128GB SSD +  1TB HDD,SSD,Nvidia GeForce 940MX,Nvidia,Windows,10,2.3kg,"819,00"
MSI,GE63VR 7RF,Gaming,15.6,IPS Panel Full HD 1920x1080,Intel Core i7 7700HQ 2.8GHz,Intel,16.0,256GB SSD +  1TB HDD,SSD,Nvidia GeForce GTX 1070,Nvidia,Windows,10,2.8kg,"2099,00"
Lenovo,IdeaPad 320-17IKB,Notebook,17.3,1600x900,Intel Core i5 7200U 2.5GHz,Intel,4.0,1TB HDD,HDD,Nvidia GeForce 920MX,Nvidia,Windows,10,2.79kg,"589,00"
Asus,VivoBook S15,Ultrabook,15.6,Full HD 1920x1080,Intel Core i7 7500U 2.7GHz,Intel,8.0,256GB SSD,SSD,Nvidia GeForce 940MX,Nvidia,Windows,10,1.7kg,"1049,90"
Dell,XPS 15,Notebook,15.6,4K Ultra HD / Touchscreen 3840x2160,Intel Core i7 7700HQ 2.8GHz,Intel,32.0,1TB SSD,SSD,Nvidia GeForce GTX 1050,Nvidia,Windows,10,2.06kg,"2639,00"
MSI,GL72M 7REX,Gaming,17.3,Full HD 1920x1080,Intel Core i7 7700HQ 2.8GHz,Intel,8.0,256GB SSD +  1TB HDD,SSD,Nvidia GeForce GTX 1050 Ti,Nvidia,Windows,10,2.7kg,"1199,00"
Asus,FX553VD-FY647T (i7-7700HQ/8GB/256GB/GeForce,Gaming,15.6,Full HD 1920x1080,Intel Core i7 7700HQ 2.8GHz,Intel,8.0,256GB SSD,SSD,Nvidia GeForce GTX 1050,Nvidia,Windows,10,2.5kg,"999,00"
Dell,Inspiron 7570,Ultrabook,15.6,IPS Panel Full HD 1920x1080,Intel Core i5 8250U 1.6GHz,Intel,8.0,128GB SSD +  1TB HDD,SSD,Nvidia GeForce 940MX,Nvidia,Windows,10,1.9kg,"1049,00"
Dell,Inspiron 7570,Notebook,15.6,Full HD 1920x1080,Intel Core i5 8250U 1.6GHz,Intel,8.0,256GB SSD,SSD,Nvidia GeForce 940MX,Nvidia,Windows,10,2kg,"1142,75"
HP,ProBook 450,Notebook,15.6,IPS Panel Full HD 1920x1080,Intel Core i3 7100U 2.4GHz,Intel,8.0,1TB HDD,HDD,Nvidia GeForce 930MX ,Nvidia,Windows,10,2.1kg,"716,00"
Lenovo,Legion Y520-15IKBN,Gaming,15.6,IPS Panel Full HD 1920x1080,Intel Core i7 7700HQ 2.8GHz,Intel,16.0,256GB SSD +  2TB HDD,SSD,Nvidia GeForce GTX 1050 Ti,Nvidia,Windows,10,2.4kg,"1129,00"
Dell,XPS 15,Notebook,15.6,4K Ultra HD / Touchscreen 3840x2160,Intel Core i7 7700HQ 2.8GHz,Intel,16.0,512GB SSD,SSD,Nvidia GeForce GTX 1050,Nvidia,Windows,10,2.06kg,"2027,42"
MSI,GP72MVR 7RFX,Gaming,17.3,Full HD 1920x1080,Intel Core i7 7700HQ 2.8GHz,Intel,8.0,128GB SSD +  1TB HDD,SSD,Nvidia GeForce GTX 1060,Nvidia,Windows,10,2.7kg,"1409,00"
HP,Zbook 15,Workstation,15.6,Full HD 1920x1080,Intel Core i7 7700HQ 2.8GHz,Intel,8.0,256GB SSD,SSD,Nvidia Quadro M1200,Nvidia,Windows,10,2.6kg,"1738,27"
Toshiba,Tecra A50-C-21G,Notebook,15.6,IPS Panel Full HD 1920x1080,Intel Core i7 6500U 2.5GHz,Intel,16.0,512GB SSD,SSD,Nvidia GeForce 930M,Nvidia,Windows,10,2.4kg,"1403,00"
Dell,Inspiron 7577,Gaming,15.6,Full HD 1920x1080,Intel Core i5 7300HQ 2.5GHz,Intel,8.0,1TB HDD,HDD,Nvidia GeForce GTX 1050,Nvidia,Windows,10,2.65kg,"999,00"
Lenovo,IdeaPad 320-17IKB,Notebook,17.3,1600x900,Intel Core i5 7200U 2.5GHz,Intel,6.0,128GB SSD +  1TB HDD,SSD,Nvidia GeForce GTX 940MX,Nvidia,Windows,10,2.8kg,"719,00"
Lenovo,IdeaPad 320-15ISK,Notebook,15.6,1366x768,Intel Core i3 6006U 2GHz,Intel,8.0,256GB SSD,SSD,Nvidia GeForce 920MX ,Nvidia,No OS,,2.2kg,"499,00"
Lenovo,Legion Y520-15IKBN,Gaming,15.6,IPS Panel Full HD 1920x1080,Intel Core i5 7300HQ 2.5GHz,Intel,8.0,128GB SSD +  1TB HDD,SSD,Nvidia GeForce GTX 1050,Nvidia,No OS,,2.4kg,"809,00"
Asus,ZenBook Flip,2 in 1 Convertible,15.6,Full HD / Touchscreen 1920x1080,Intel Core i7 7500U 2.7GHz,Intel,12.0,512GB SSD +  2TB HDD,SSD,Nvidia GeForce GT 940MX,Nvidia,Windows,10,2.26kg,"1099,00"
Acer,Aspire 7,Notebook,15.6,Full HD 1920x1080,Intel Core i7 7700HQ 2.8GHz,Intel,8.0,1TB HDD,HDD,Nvidia GeForce GTX 1050,Nvidia,Linux,,2.4kg,"846,00"
HP,Omen 17-w212nv,Gaming,17.3,IPS Panel Full HD 1920x1080,Intel Core i7 7700HQ 2.8GHz,Intel,8.0,128GB SSD +  1TB HDD,SSD,Nvidia GeForce GTX 1050,Nvidia,Windows,10,3.35kg,"1191,00"
Asus,ROG Strix,Gaming,15.6,IPS Panel Full HD 1920x1080,Intel Core i7 7700HQ 2.8GHz,Intel,8.0,128GB SSD +  1TB HDD,SSD,Nvidia GeForce GTX 1060,Nvidia,Windows,10,2.3kg,"1655,00"
Lenovo,IdeaPad 720S-14IKB,Notebook,14.0,IPS Panel Full HD 1920x1080,Intel Core i5 7200U 2.5GHz,Intel,8.0,256GB SSD,SSD,Nvidia GeForce 940MX,Nvidia,Windows,10,1.5kg,"1099,00"
Dell,Precision 5520,Workstation,15.6,IPS Panel Full HD 1920x1080,Intel Core i7 6820HQ 2.7GHz,Intel,8.0,256GB SSD,SSD,Nvidia Quadro M1200,Nvidia,Windows,10,2kg,"2135,00"
Asus,Rog GL753VD-GC042T,Gaming,17.3,Full HD 1920x1080,Intel Core i7 7700HQ 2.8GHz,Intel,8.0,1TB HDD,HDD,Nvidia GeForce GTX 1050,Nvidia,Windows,10,3kg,"1039,00"
Asus,Rog GL753VE-GC070T,Gaming,17.3,Full HD 1920x1080,Intel Core i7 7700HQ 2.8GHz,Intel,16.0,256GB SSD +  1TB HDD,SSD,Nvidia GeForce GTX 1050 Ti,Nvidia,Windows,10,3kg,"1591,00"
Acer,Aspire 5,Notebook,15.6,IPS Panel 1366x768,Intel Core i5 8250U 1.6GHz,Intel,12.0,1TB HDD,HDD,Nvidia GeForce MX130,Nvidia,Windows,10,2.2kg,"693,99"
MSI,Leopard GP72M,Gaming,17.3,Full HD 1920x1080,Intel Core i7 7700HQ 2.8GHz,Intel,8.0,256GB SSD,SSD,Nvidia GeForce GTX 1050 Ti,Nvidia,Windows,10,2.7kg,"1349,00"
Dell,Precision M5520,Workstation,15.6,4K Ultra HD / Touchscreen 3840x2160,Intel Core i7 7700HQ 2.8GHz,Intel,8.0,256GB SSD,SSD,Nvidia Quadro M1200,Nvidia,Windows,10,1.78kg,"2712,00"
Asus,FX753VD-GC461T (i7-7700HQ/16GB/1TB,Gaming,17.3,Full HD 1920x1080,Intel Core i7 7700HQ 2.8GHz,Intel,16.0,256GB SSD +  1TB HDD,SSD,Nvidia GeForce GTX 1050,Nvidia,Windows,10,2.9kg,"1529,00"
Acer,Aspire 7,Notebook,15.6,Full HD 1920x1080,Intel Core i7 7700HQ 2.8GHz,Intel,8.0,256GB SSD,SSD,Nvidia GeForce GTX 1050,Nvidia,Linux,,2.5kg,"879,00"
MSI,GE73VR 7RF,Gaming,17.3,Full HD 1920x1080,Intel Core i7 7700HQ 2.8GHz,Intel,16.0,256GB SSD +  1TB HDD,SSD,Nvidia GeForce GTX 1070,Nvidia,Windows,10,2.8kg,"2249,00"
Lenovo,ThinkPad P51,Workstation,15.6,Full HD 1920x1080,Intel Core i7 7700HQ 2.8GHz,Intel,8.0,512GB SSD,SSD,Nvidia Quadro M1200,Nvidia,Windows,10,2.67kg,"1925,00"
Lenovo,Thinkpad T470p,Ultrabook,14.0,IPS Panel Full HD 2560x1440,Intel Core i7 7700HQ 2.8GHz,Intel,8.0,512GB SSD,SSD,Nvidia GeForce GT 940MX,Nvidia,Windows,10,1.7kg,"1943,00"
Lenovo,Yoga 720-15IKB,2 in 1 Convertible,15.6,IPS Panel 4K Ultra HD / Touchscreen 3840x2160,Intel Core i7 7700HQ 2.8GHz,Intel,16.0,512GB SSD,SSD,Nvidia GeForce GTX 1050,Nvidia,Windows,10,2kg,"1899,00"
Asus,X542UQ-DM117 (i3-7100U/8GB/1TB/GeForce,Notebook,15.6,Full HD 1920x1080,Intel Core i3 7100U 2.4GHz,Intel,8.0,1TB HDD,HDD,Nvidia GeForce 940MX,Nvidia,Linux,,2.3kg,"597,00"
Dell,Alienware 17,Gaming,17.3,IPS Panel 2560x1440,Intel Core i7 7820HK 2.9GHz,Intel,16.0,256GB SSD +  1TB HDD,SSD,Nvidia GeForce GTX 1070,Nvidia,Windows,10,4.42kg,"2799,00"
Dell,Inspiron 7577,Gaming,15.6,IPS Panel Full HD 1920x1080,Intel Core i7 7700HQ 2.8GHz,Intel,8.0,128GB SSD +  1TB HDD,SSD,Nvidia GeForce GTX 1050 Ti,Nvidia,Windows,10,2.62kg,"1159,00"
HP,Omen 17-w207nv,Gaming,17.3,Full HD 1920x1080,Intel Core i7 7700HQ 2.8GHz,Intel,12.0,256GB SSD +  1TB HDD,SSD,Nvidia GeForce GTX 1070,Nvidia,Windows,10,3.35kg,"1999,00"
Lenovo,Thinkpad T570,Workstation,15.6,IPS Panel 4K Ultra HD 3840x2160,Intel Core i7 7600U 2.8GHz,Intel,16.0,512GB SSD,SSD,Nvidia GeForce 940MX,Nvidia,Windows,10,2.3kg,"2445,00"
Lenovo,Thinkpad P51,Notebook,15.6,Full HD 1920x1080,Intel Core i7 7820HQ 2.9GHz,Intel,16.0,512GB SSD,SSD,Nvidia Quadro M2200M,Nvidia,Windows,10,2.5kg,"2449,00"
HP,Omen 15-AX205na,Gaming,15.6,IPS Panel Full HD 1920x1080,Intel Core i7 7700HQ 2.8GHz,Intel,8.0,128GB SSD +  1TB HDD,SSD,Nvidia GeForce GTX 1050,Nvidia,Windows,10,2.2kg,"1099,00"
Dell,Latitude 5480,Notebook,14.0,Full HD 1920x1080,Intel Core i5 7440HQ 2.8GHz,Intel,8.0,256GB SSD,SSD,Nvidia GeForce 930MX,Nvidia,Windows,10,1.64kg,"1179,00"
Dell,Precision 3520,Workstation,15.6,Full HD 1920x1080,Intel Xeon E3-1505M V6 3GHz,Intel,8.0,64GB Flash Storage +  1TB HDD,Flash,Nvidia Quadro M620,Nvidia,Windows,10,2.23kg,"1993,00"
MSI,GV62 7RD-1686NL,Gaming,15.6,Full HD 1920x1080,Intel Core i5 7300HQ 2.5GHz,Intel,8.0,256GB SSD,SSD,Nvidia GeForce GTX 1050,Nvidia,Windows,10,2.2kg,"1027,74"
Dell,Precision 3520,Workstation,15.6,IPS Panel Full HD 1920x1080,Intel Core i7 6820HQ 2.7GHz,Intel,16.0,256GB SSD,SSD,Nvidia Quadro M620,Nvidia,Windows,10,2.17kg,"1975,00"
Dell,Alienware 17,Notebook,17.3,IPS Panel Full HD 1920x1080,Intel Core i7 7700HQ 2.7GHz,Intel,8.0,1TB HDD,HDD,Nvidia GeForce GTX 1060,Nvidia,Windows,10,4.42kg,"2046,00"
Acer,Aspire E5-576G,Notebook,15.6,Full HD 1920x1080,Intel Core i3 6006U 2GHz,Intel,4.0,1TB HDD,HDD,Nvidia GeForce 940MX,Nvidia,Windows,10,2.23kg,"544,00"
Lenovo,Thinkpad P51,Notebook,15.6,Full HD 1920x1080,Intel Core i7 7820HQ 2.9GHz,Intel,8.0,256GB SSD,SSD,Nvidia Quadro M2200M,Nvidia,Windows,10,2.67kg,"2090,00"
Acer,Aspire 5,Notebook,15.6,1366x768,Intel Core i3 6006U 2GHz,Intel,4.0,500GB HDD,HDD,Nvidia GeForce GTX 940MX,Nvidia,Windows,10,2.2kg,"469,00"
HP,Omen 17-an006nv,Gaming,17.3,IPS Panel Full HD 1920x1080,Intel Core i7 7700HQ 2.8GHz,Intel,12.0,1TB HDD,HDD,Nvidia GeForce GTX 1060,Nvidia,Windows,10,3.78kg,"1699,00"
Dell,Precision M5520,Workstation,15.6,Full HD 1920x1080,Intel Core i7 7700HQ 2.8GHz,Intel,8.0,256GB SSD,SSD,Nvidia Quadro M1200,Nvidia,Windows,10,1.78kg,"2408,00"
Dell,Inspiron 7570,Notebook,15.6,IPS Panel Full HD 1920x1080,Intel Core i7 8550U 1.8GHz,Intel,8.0,512GB SSD,SSD,Nvidia GeForce 940MX,Nvidia,Windows,10,2.16kg,"1262,00"
Dell,Precision 3520,Workstation,15.6,IPS Panel Full HD 1920x1080,Intel Core i7 6820HQ 2.7GHz,Intel,16.0,512GB SSD,SSD,Nvidia Quadro M620,Nvidia,Windows,10,2.17kg,"2338,00"
Dell,XPS 15,Notebook,15.6,Full HD 1920x1080,Intel Core i7 7700HQ 2.8GHz,Intel,16.0,512GB SSD,SSD,Nvidia GeForce GTX 1050,Nvidia,Windows,10,2.06kg,"1899,00"
Lenovo,Thinkpad E570,Notebook,15.6,IPS Panel Full HD 1920x1080,Intel Core i5 7200U 2.5GHz,Intel,8.0,256GB SSD,SSD,Nvidia GeForce 940MX,Nvidia,Windows,10,2.3kg,"1011,99"
Asus,VivoBook Pro,Gaming,15.6,Full HD 1920x1080,Intel Core i7 7700HQ 2.8GHz,Intel,8.0,128GB SSD +  1TB HDD,SSD,Nvidia GeForce GTX 1050,Nvidia,Windows,10,1.99kg,"1350,00"
Asus,Rog G752VL-UH71T,Gaming,17.3,IPS Panel Full HD / Touchscreen 1920x1080,Intel Core i7 6700HQ 2.6GHz,Intel,24.0,256GB SSD +  1TB HDD,SSD,Nvidia GeForce GTX 965M,Nvidia,Windows,10,4.33kg,"1269,00"
Acer,Aspire A515-51G-59QF,Notebook,15.6,IPS Panel Full HD 1920x1080,Intel Core i5 8250U 1.6GHz,Intel,4.0,1TB HDD,HDD,Nvidia GeForce MX150,Nvidia,Windows,10,2.2kg,"613,00"
Lenovo,Legion Y520-15IKBN,Gaming,15.6,IPS Panel Full HD 1920x1080,Intel Core i7 7700HQ 2.8GHz,Intel,8.0,256GB SSD +  1TB HDD,SSD,Nvidia GeForce GTX 1060,Nvidia,No OS,,2.4kg,"1149,00"
Acer,Aspire A515-51G,Notebook,15.6,Full HD 1920x1080,Intel Core i7 7500U 2.7GHz,Intel,4.0,500GB HDD,HDD,Nvidia GeForce 940MX,Nvidia,Windows,10,2.2kg,"639,00"
Xiaomi,Mi Notebook,Notebook,15.6,IPS Panel Full HD 1920x1080,Intel Core i7 8550U 1.8GHz,Intel,16.0,256GB SSD,SSD,Nvidia GeForce MX150,Nvidia,No OS,,1.95kg,"1399,95"
Asus,ROG Zephyrus,Gaming,15.6,Full HD 1920x1080,Intel Core i7 7700HQ 2.8GHz,Intel,24.0,512GB SSD,SSD,Nvidia GeForce GTX1080,Nvidia,Windows,10,2.24kg,"2968,00"
HP,Probook 450,Notebook,15.6,Full HD 1920x1080,Intel Core i5 7200U 2.5GHz,Intel,8.0,256GB SSD,SSD,Nvidia GeForce 930MX,Nvidia,Windows,10,2.04kg,"889,00"
Asus,FX753VE-GC155T (i7-7700HQ/16GB/1TB,Gaming,17.3,Full HD 1920x1080,Intel Core i7 7700HQ 2.8GHz,Intel,16.0,256GB SSD +  1TB HDD,SSD,Nvidia GeForce GTX1050 Ti,Nvidia,Windows,10,3kg,"1504,00"
Lenovo,Legion Y720-15IKB,Gaming,15.6,IPS Panel Full HD 1920x1080,Intel Core i7 7700HQ 2.8GHz,Intel,8.0,256GB SSD +  1TB HDD,SSD,Nvidia GeForce GTX 1060,Nvidia,Windows,10,3.2kg,"1399,00"
Lenovo,IdeaPad 320-15IKB,Notebook,15.6,Full HD 1920x1080,Intel Core i7 7500U 2.7GHz,Intel,4.0,1TB HDD,HDD,Nvidia GeForce 920MX,Nvidia,Windows,10,2.2kg,"799,00"
Lenovo,IdeaPad 320-15ISK,Notebook,15.6,1366x768,Intel Core i3 6006U 2GHz,Intel,8.0,2TB HDD,HDD,Nvidia GeForce 920MX ,Nvidia,No OS,,2.2kg,"459,00"
Dell,Alienware 17,Gaming,17.3,IPS Panel Full HD 1920x1080,Intel Core i7 7700HQ 2.8GHz,Intel,16.0,128GB SSD +  1TB HDD,SSD,Nvidia GeForce GTX 1070,Nvidia,Windows,10,4.42kg,"3012,77"
Asus,Zenbook UX510UW-FI095T,Notebook,15.6,IPS Panel 4K Ultra HD 3840x2160,Intel Core i7 7500U 2.7GHz,Intel,8.0,256GB SSD +  1TB HDD,SSD,Nvidia GeForce GTX 960M,Nvidia,Windows,10,2kg,"1299,00"
Asus,ROG Strix,Gaming,15.6,IPS Panel Full HD 1920x1080,Intel Core i5 7300HQ 2.5GHz,Intel,8.0,128GB SSD +  1TB HDD,SSD,Nvidia GeForce GTX 1060,Nvidia,Windows,10,2.3kg,"1649,00"
Dell,Latitude 5580,Notebook,15.6,Full HD 1920x1080,Intel Core i7 7600U 2.8GHz,Intel,8.0,256GB SSD,SSD,Nvidia GeForce 930MX,Nvidia,Windows,10,1.93kg,"1369,00"
HP,Omen 15-ce006nv,Gaming,17.3,Full HD 1920x1080,Intel Core i7 7700HQ 2.8GHz,Intel,12.0,1TB HDD,HDD,Nvidia GeForce GTX 1060,Nvidia,Windows,10,2.62kg,"1799,00"
Lenovo,Thinkpad E470,Notebook,14.0,IPS Panel Full HD 1920x1080,Intel Core i7 7500U 2.7GHz,Intel,8.0,256GB SSD,SSD,Nvidia GeForce 940MX,Nvidia,Windows,10,1.87kg,"859,00"
Acer,Aspire 7,Gaming,15.6,Full HD 1920x1080,Intel Core i5 7300HQ 2.5GHz,Intel,8.0,1TB HDD,HDD,Nvidia GeForce GTX 1050,Nvidia,Linux,,2.4kg,"798,00"
Dell,Alienware 17,Gaming,17.3,IPS Panel Full HD 1920x1080,Intel Core i7 7700HQ 2.8GHz,Intel,16.0,256GB SSD +  1TB HDD,SSD,Nvidia GeForce GTX 1070,Nvidia,Windows,10,4.42kg,"2699,00"
HP,ProBook 470,Notebook,17.3,Full HD 1920x1080,Intel Core i7 7500U 2.7GHz,Intel,8.0,1TB HDD,HDD,Nvidia GeForce 930MX,Nvidia,Windows,10,2.63kg,"1280,00"
Lenovo,IdeaPad 320-17IKB,Notebook,17.3,1600x900,Intel Core i7 7500U 2.7GHz,Intel,6.0,128GB SSD +  1TB HDD,SSD,Nvidia GeForce 940MX,Nvidia,Windows,10,2.8kg,"949,00"
Lenovo,Thinkpad P71,Notebook,17.3,IPS Panel Full HD 1920x1080,Intel Core i7 7700HQ 2.8GHz,Intel,8.0,256GB SSD,SSD,Nvidia Quadro M620M,Nvidia,Windows,10,3.4kg,"2999,00"
Asus,FX553VD-DM627T (i5-7300HQ/8GB/1TB,Notebook,15.6,Full HD 1920x1080,Intel Core i5 7300HQ 2.5GHz,Intel,8.0,128GB SSD +  1TB HDD,SSD,Nvidia GeForce GTX 1050,Nvidia,Windows,10,2.5kg,"839,00"
HP,ZBook 17,Workstation,17.3,1600x900,Intel Core i5 7440HQ 2.8GHz,Intel,8.0,500GB HDD,HDD,Nvidia Quadro M1200,Nvidia,Windows,10,3.14kg,"1860,99"
Lenovo,IdeaPad Y910-17ISK,Gaming,17.3,IPS Panel Full HD 1920x1080,Intel Core i7 6820HK 2.7GHz,Intel,32.0,256GB SSD +  1TB HDD,SSD,Nvidia GeForce GTX 1070,Nvidia,Windows,10,4.6kg,"2663,00"
MSI,GT73VR Titan,Gaming,17.3,Full HD 1920x1080,Intel Core i7 7820HK 2.9GHz,Intel,16.0,512GB SSD +  1TB HDD,SSD,Nvidia GeForce GTX 1070,Nvidia,Windows,10,4.14kg,"2729,00"
Dell,Latitude 5580,Notebook,15.6,Full HD 1920x1080,Intel Core i7 7600U 2.8GHz,Intel,16.0,256GB SSD,SSD,Nvidia GeForce 930MX,Nvidia,Windows,10,1.93kg,"1537,39"
MSI,GT80S 6QE,Gaming,17.3,Full HD 1920x1080,Intel Core i7 6820HK 2.7GHz,Intel,16.0,128GB SSD +  1TB HDD,SSD,Nvidia GeForce GTX 980M,Nvidia,Windows,10,4.5kg,"2349,00"
HP,Omen 17-AN010nv,Gaming,17.3,IPS Panel Full HD 1920x1080,Intel Core i7 7700HQ 2.8GHz,Intel,16.0,256GB SSD +  1TB HDD,SSD,Nvidia GeForce GTX 1050,Nvidia,Windows,10,3.78kg,"1498,00"
Asus,ROG Strix,Gaming,17.3,IPS Panel Full HD 1920x1080,Intel Core i5 7300HQ 2.5GHz,Intel,8.0,128GB SSD +  1TB HDD,SSD,Nvidia GeForce GTX 1060,Nvidia,Windows,10,2.73kg,"1770,00"
Samsung,Notebook Odyssey,Notebook,15.6,Full HD 1920x1080,Intel Core i7 7700HQ 2.8GHz,Intel,16.0,128GB SSD +  1TB HDD,SSD,Nvidia GeForce GTX 1050,Nvidia,Windows,10,2.5kg,"1699,00"
Dell,Precision 3520,Workstation,15.6,Full HD / Touchscreen 1920x1080,Intel Core i7 7700HQ 2.8GHz,Intel,8.0,256GB SSD,SSD,Nvidia Quadro M620,Nvidia,Windows,10,2.06kg,"1763,00"
MSI,Laptop MSI,Gaming,17.3,Full HD 1920x1080,Intel Core i7 6820HK 2.7GHz,Intel,16.0,128GB SSD +  1TB HDD,SSD,Nvidia GeForce GTX 970M,Nvidia,Windows,10,4.14kg,"2199,00"
MSI,GS63VR 7RF,Gaming,15.6,4K Ultra HD 3840x2160,Intel Core i7 7700HQ 2.8GHz,Intel,16.0,256GB SSD +  2TB HDD,SSD,Nvidia GeForce GTX 1060,Nvidia,Windows,10,1.8kg,"2299,00"
Lenovo,Thinkpad P51,Notebook,15.6,IPS Panel 4K Ultra HD 3840x2160,Intel Xeon E3-1535M v6 3.1GHz,Intel,32.0,1TB SSD,SSD,Nvidia Quadro M2200M,Nvidia,Windows,10,2.5kg,"4899,00"
Dell,Inspiron 7559,Gaming,15.6,Full HD 1920x1080,Intel Core i7 6700HQ 2.6GHz,Intel,16.0,1TB HDD,HDD,Nvidia GeForce GTX 960<U+039C>,Nvidia,Windows,10,2.59kg,"879,01"
Asus,FX753VD-GC007T (i7-7700HQ/8GB/1TB,Gaming,17.3,Full HD 1920x1080,Intel Core i7 7700HQ 2.8GHz,Intel,8.0,128GB SSD +  1TB HDD,SSD,Nvidia GeForce GTX 1050,Nvidia,Windows,10,3kg,"1168,00"
MSI,GT62VR 7RE,Gaming,15.6,Full HD 1920x1080,Intel Core i7 7700HQ 2.8GHz,Intel,16.0,256GB SSD +  1TB HDD,SSD,Nvidia GeForce GTX 1070,Nvidia,Windows,10,2.94kg,"2267,86"
Lenovo,IdeaPad 320-15IKB,Notebook,15.6,Full HD 1920x1080,Intel Core i7 7500U 2.7GHz,Intel,8.0,1TB HDD,HDD,Nvidia GeForce 920MX,Nvidia,Windows,10,2.2kg,"899,00"
Dell,XPS 15,Notebook,15.6,Full HD 1920x1080,Intel Core i7 7700HQ 2.8GHz,Intel,8.0,256GB SSD,SSD,Nvidia GeForce GTX 1050,Nvidia,Windows,10,2kg,"1820,00"
Dell,Inspiron 7567,Gaming,15.6,Full HD 1920x1080,Intel Core i7 7700HQ 2.8GHz,Intel,16.0,256GB SSD +  1TB HDD,SSD,Nvidia GeForce GTX 1050 Ti,Nvidia,Windows,10,2.62kg,"1479,00"
Lenovo,Ideapad 320-15ISK,Notebook,15.6,Full HD 1920x1080,Intel Core i3 6006U 2GHz,Intel,4.0,1TB HDD,HDD,Nvidia GeForce 920MX ,Nvidia,Windows,10,2.2kg,"579,00"
Asus,VivoBook Pro,Notebook,15.6,Full HD 1920x1080,Intel Core i5 7300HQ 2.5GHz,Intel,8.0,1TB HDD,HDD,Nvidia GeForce GTX 1050,Nvidia,Windows,10,1.99kg,"906,62"
Dell,XPS 15,Notebook,15.6,4K Ultra HD / Touchscreen 3840x2160,Intel Core i7 7700HQ 2.8GHz,Intel,16.0,1TB SSD,SSD,Nvidia GeForce GTX 1050,Nvidia,Windows,10,2.06kg,"2399,00"
Lenovo,Legion Y520-15IKBN,Gaming,15.6,IPS Panel Full HD 1920x1080,Intel Core i7 7700HQ 2.8GHz,Intel,8.0,128GB SSD +  1TB HDD,SSD,Nvidia GeForce GTX 1050M,Nvidia,Windows,10,2.5kg,"1109,00"
Asus,ROG GL553VE-FY022,Gaming,15.6,IPS Panel Full HD 1920x1080,Intel Core i7 7700HQ 2.8GHz,Intel,8.0,1TB HDD,HDD,Nvidia GeForce GTX 1050 Ti,Nvidia,No OS,,2.5kg,"1169,00"
Razer,Blade Pro,Gaming,14.0,Full HD 1920x1080,Intel Core i7 7700HQ 2.8GHz,Intel,16.0,256GB SSD,SSD,Nvidia GeForce GTX 1060,Nvidia,Windows,10,1.95kg,"2599,00"
Asus,ROG G701VI,Gaming,17.3,IPS Panel Full HD 1920x1080,Intel Core i7 6820HK 2.7GHz,Intel,32.0,512GB SSD,SSD,Nvidia GeForce GTX 1080,Nvidia,Windows,10,3.8kg,"2799,00"
Acer,A715-71G-59DH (i5-7300HQ/8GB/1TB/GeForce,Gaming,15.6,Full HD 1920x1080,Intel Core i5 7300HQ 2.5GHz,Intel,8.0,1TB HDD,HDD,Nvidia GeForce GTX 1050,Nvidia,Linux,,2.4kg,"709,00"
MSI,GL62M 7REX,Gaming,15.6,Full HD 1920x1080,Intel Core i7 7700HQ 2.8GHz,Intel,8.0,128GB SSD +  1TB HDD,SSD,Nvidia GeForce GTX 1050 Ti,Nvidia,Windows,10,2.2kg,"1191,80"
Lenovo,IdeaPad Y700-15ISK,Gaming,15.6,IPS Panel Full HD 1920x1080,Intel Core i7 6700HQ 2.6GHz,Intel,8.0,128GB SSD +  1TB HDD,SSD,Nvidia GeForce GTX 960,Nvidia,Windows,10,3.31kg,"1196,00"
Dell,Alienware 17,Gaming,17.3,IPS Panel 4K Ultra HD 3840x2160,Intel Core i7 7700HQ 2.8GHz,Intel,32.0,512GB SSD +  1TB HDD,SSD,Nvidia GeForce GTX 1070,Nvidia,Windows,10,4.42kg,"3147,37"
MSI,GP72VR Leopard,Gaming,17.3,Full HD 1920x1080,Intel Core i7 7700HQ 2.8GHz,Intel,8.0,128GB SSD +  1TB HDD,SSD,Nvidia GeForce GTX 1060,Nvidia,Windows,10,2.7kg,"1486,77"
HP,Pavilion X360,2 in 1 Convertible,14.0,IPS Panel Full HD / Touchscreen 1920x1080,Intel Core i3 7100U 2.4GHz,Intel,4.0,128GB SSD,SSD,Nvidia GeForce 940MX,Nvidia,Windows,10,1.63kg,"699,00"
MSI,GP62 7RDX,Gaming,15.6,Full HD 1920x1080,Intel Core i7 7700HQ 2.8GHz,Intel,16.0,256GB SSD +  1TB HDD,SSD,Nvidia GeForce GTX 1050,Nvidia,Windows,10,2.4kg,"1294,00"
Acer,Aspire VX5-591G,Gaming,15.6,Full HD 1920x1080,Intel Core i5 7300HQ 2.5GHz,Intel,16.0,256GB SSD,SSD,Nvidia GeForce GTX 1050 Ti,Nvidia,Windows,10,2.5kg,"1299,00"
MSI,GV62M 7RD,Gaming,15.6,Full HD 1920x1080,Intel Core i5 7300HQ 2.5GHz,Intel,8.0,256GB SSD,SSD,Nvidia GeForce GTX 1050,Nvidia,Windows,10,2.2kg,"997,90"
Dell,Alienware 15,Gaming,15.6,Full HD 1920x1080,Intel Core i5 7300HQ 2.5GHz,Intel,16.0,128GB SSD +  1TB HDD,SSD,Nvidia GeForce GTX 1060,Nvidia,Windows,10,3.21kg,"2051,00"
Dell,Alienware 15,Gaming,15.6,Full HD 1920x1080,Intel Core i7 7820HK 2.9GHz,Intel,16.0,256GB SSD +  1TB HDD,SSD,Nvidia GeForce GTX 1070,Nvidia,Windows,10,3.49kg,"2813,75"
HP,ZBook 17,Workstation,17.3,Full HD 1920x1080,Intel Core i7 7700HQ 2.8GHz,Intel,8.0,500GB HDD,HDD,Nvidia Quadro M1200,Nvidia,Windows,10,3.14kg,"1907,99"
Dell,Inspiron 5577,Gaming,15.6,Full HD 1920x1080,Intel Core i5 7300HQ 2.5GHz,Intel,8.0,1TB HDD,HDD,Nvidia GeForce GTX 1050,Nvidia,Windows,10,2.56kg,"819,00"
Lenovo,ThinkPad P51s,Workstation,15.6,Full HD 1920x1080,Intel Core i7 6500U 2.5GHz,Intel,16.0,512GB SSD,SSD,Nvidia Quadro M520M,Nvidia,Windows,7,2.18kg,"1855,00"
Lenovo,Legion Y520-15IKBN,Gaming,15.6,IPS Panel Full HD 1920x1080,Intel Core i7 7700HQ 2.8GHz,Intel,8.0,128GB SSD +  1TB HDD,SSD,Nvidia GeForce GTX 1050 Ti,Nvidia,Windows,10,2.5kg,"1249,00"
Dell,Latitude 5480,Notebook,14.0,Full HD 1920x1080,Intel Core i5 7440HQ 2.8GHz,Intel,8.0,256GB SSD,SSD,Nvidia GeForce 930MX,Nvidia,Linux,,1.64kg,"1089,00"
Lenovo,Thinkpad E470,Notebook,14.0,IPS Panel Full HD 1920x1080,Intel Core i5 7200U 2.5GHz,Intel,8.0,256GB SSD,SSD,Nvidia GeForce 920MX,Nvidia,Windows,10,1.87kg,"857,07"
HP,ProBook 470,Notebook,17.3,Full HD 1920x1080,Intel Core i7 7500U 2.7GHz,Intel,8.0,256GB SSD,SSD,Nvidia GeForce 930MX,Nvidia,Windows,10,2.63kg,"1200,00"
Dell,Alienware 17,Gaming,17.3,4K Ultra HD 3840x2160,Intel Core i7 7700HQ 2.8GHz,Intel,32.0,1TB SSD +  1TB HDD,SSD,Nvidia GeForce GTX 1070,Nvidia,Windows,10,4.36kg,"3659,40"
MSI,GL72M 7REX,Gaming,17.3,Full HD 1920x1080,Intel Core i7 7700HQ 2.8GHz,Intel,8.0,128GB SSD +  1TB HDD,SSD,Nvidia GeForce GTX 1050 Ti,Nvidia,Windows,10,2.7kg,"1348,48"
Acer,Predator 17,Gaming,17.3,IPS Panel Full HD 1920x1080,Intel Core i7 6700HQ 2.6GHz,Intel,16.0,128GB SSD +  1TB HDD,SSD,Nvidia GeForce GTX 1060,Nvidia,Windows,10,4.2kg,"1935,00"
HP,ZBook 15,Workstation,15.6,Full HD 1920x1080,Intel Core i7 7700HQ 2.8GHz,Intel,16.0,256GB SSD,SSD,Nvidia Quadro M2200,Nvidia,Windows,10,2.6kg,"2419,00"
MSI,GS63VR 7RF,Gaming,15.6,Full HD 1920x1080,Intel Core i7 7700HQ 2.8GHz,Intel,16.0,256GB SSD +  1TB HDD,SSD,Nvidia GeForce GTX 1060,Nvidia,Windows,10,1.8kg,"2094,48"
Dell,Inspiron 7560,Notebook,15.6,Full HD 1920x1080,Intel Core i7 7500U 2.7GHz,Intel,8.0,128GB SSD +  1TB HDD,SSD,Nvidia GeForce 940MX,Nvidia,Windows,10,2.0kg,"1207,00"
Lenovo,Thinkpad P51s,Workstation,15.6,IPS Panel 4K Ultra HD 3840x2160,Intel Core i7 7600U 2.8GHz,Intel,16.0,1TB SSD,SSD,Nvidia Quadro M520M,Nvidia,Windows,10,2.5kg,"3299,00"
HP,Zbook 17,Workstation,17.3,IPS Panel Full HD 1920x1080,Intel Xeon E3-1535M v5 2.9GHz,Intel,16.0,256GB SSD,SSD,Nvidia Quadro M2000M,Nvidia,Windows,7,3kg,"4389,00"
Asus,X550VX-XX015D (i5-6300HQ/4GB/1TB/GeForce,Notebook,15.6,1366x768,Intel Core i5 6300HQ 2.3GHz,Intel,4.0,1TB HDD,HDD,Nvidia GeForce GTX 950M,Nvidia,No OS,,2.45kg,"579,00"
HP,15-cb003na (i5-7300HQ/8GB/1TB,Notebook,15.6,IPS Panel Full HD 1920x1080,Intel Core i5 7300HQ 2.5GHz,Intel,8.0,128GB SSD +  1TB HDD,SSD,Nvidia GeForce GTX 1050,Nvidia,Windows,10,2.2kg,"1099,00"
HP,ZBook 15,Workstation,15.6,Full HD 1920x1080,Intel Core i7 6700HQ 2.6GHz,Intel,8.0,256GB SSD,SSD,Nvidia Quadro M1000M,Nvidia,Windows,7,2.59kg,"1561,00"
Dell,Alienware 17,Gaming,15.6,IPS Panel 4K Ultra HD 3840x2160,Intel Core i7 7700HQ 2.8GHz,Intel,16.0,256GB SSD +  1TB HDD,SSD,Nvidia GeForce GTX 1070,Nvidia,Windows,10,4.42kg,"2868,99"
Lenovo,Legion Y520-15IKBN,Gaming,15.6,IPS Panel Full HD 1920x1080,Intel Core i7 7700HQ 2.8GHz,Intel,8.0,128GB SSD +  1TB HDD,SSD,Nvidia GeForce GTX 1050,Nvidia,Windows,10,2.5kg,"1048,00"
Asus,X751NV-TY001 (N4200/4GB/1TB/GeForce,Notebook,17.3,1366x768,Intel Pentium Quad Core N4200 1.1GHz,Intel,4.0,1TB HDD,HDD,Nvidia GeForce 920MX,Nvidia,Windows,10,2.8kg,"470,34"
Dell,Inspiron 7559,Gaming,15.6,IPS Panel Touchscreen / 4K Ultra HD 3840x2160,Intel Core i7 6700HQ 2.6GHz,Intel,16.0,128GB SSD +  1TB HDD,SSD,Nvidia GeForce GTX 960M,Nvidia,Windows,10,2.72kg,"1099,00"
Dell,Inspiron 7567,Gaming,15.6,Full HD 1920x1080,Intel Core i7 7700HQ 2.8GHz,Intel,8.0,1TB HDD,HDD,Nvidia GeForce GTX 1050,Nvidia,Windows,10,2.62kg,"1099,00"
Asus,Q524UQ-BHI7T15 (i7-7500U/12GB/2TB/GeForce,2 in 1 Convertible,15.6,Full HD / Touchscreen 1920x1080,Intel Core i7 7500U 2.7GHz,Intel,12.0,2TB HDD,HDD,Nvidia GeForce 940MX,Nvidia,Windows,10,2.3kg,"839,00"
Lenovo,Thinkpad P50,Notebook,15.6,4K Ultra HD 3840x2160,Intel Core i7 6820HQ 2.7GHz,Intel,16.0,512GB SSD,SSD,Nvidia Quadro M2000M,Nvidia,Windows,7,2.5kg,"2370,00"
Razer,Blade Pro,Gaming,14.0,Full HD 1920x1080,Intel Core i7 7700HQ 2.8GHz,Intel,16.0,512GB SSD,SSD,Nvidia GeForce GTX 1060,Nvidia,Windows,10,1.95kg,"2899,00"
Dell,Alienware 17,Gaming,17.3,IPS Panel Full HD 1920x1080,Intel Core i7 7700HQ 2.8GHz,Intel,32.0,1TB SSD +  1TB HDD,SSD,Nvidia GeForce GTX 1070M,Nvidia,Windows,10,4.42kg,"3588,80"
Asus,Rog G752VS-BA171T,Gaming,17.3,IPS Panel Full HD 1920x1080,Intel Core i7 6700HQ 2.6GHz,Intel,16.0,256GB SSD +  1TB HDD,SSD,Nvidia GeForce GTX 1070,Nvidia,Windows,10,4.3kg,"2350,00"
Toshiba,Tecra Z40-C-161,Ultrabook,14.0,IPS Panel Full HD 1920x1080,Intel Core i7 6600U 2.6GHz,Intel,16.0,512GB SSD,SSD,Nvidia GeForce 930M,Nvidia,Windows,10,1.47kg,"1764,00"
MSI,GS43VR 7RE,Gaming,14.0,IPS Panel Full HD 1920x1080,Intel Core i7 7700HQ 2.8GHz,Intel,16.0,256GB SSD +  1TB HDD,SSD,Nvidia GeForce GTX 1060,Nvidia,Windows,10,1.6kg,"1891,00"
MSI,GL62M (i5-7300HQ/8GB/1TB,Gaming,15.6,Full HD 1920x1080,Intel Core i5 7300HQ 2.5GHz,Intel,8.0,128GB SSD +  1TB HDD,SSD,Nvidia GeForce GTX 1050,Nvidia,Windows,10,2.2kg,"1089,00"
Lenovo,Legion Y520-15IKBN,Gaming,15.6,IPS Panel Full HD 1920x1080,Intel Core i7 7700HQ 2.8GHz,Intel,4.0,1TB HDD,HDD,Nvidia GeForce GTX 1050,Nvidia,Windows,10,2.4kg,"999,00"
Acer,Predator G9-793,Gaming,17.3,IPS Panel Full HD 1920x1080,Intel Core i7 7700HQ 2.8GHz,Intel,16.0,256GB SSD +  1TB HDD,SSD,Nvidia GeForce GTX 1060,Nvidia,Windows,10,4.2kg,"2299,00"
Dell,Inspiron 7567,Gaming,15.6,Full HD 1920x1080,Intel Core i5 7300HQ 2.5GHz,Intel,8.0,256GB SSD,SSD,Nvidia GeForce GTX 1050,Nvidia,Windows,10,2.62kg,"985,00"
Asus,FX502VM-DM560T (i7-7700HQ/8GB/1TB,Gaming,15.6,Full HD 1920x1080,Intel Core i7 7700HQ 2.8GHz,Intel,8.0,128GB SSD +  1TB HDD,SSD,Nvidia GeForce GTX1060,Nvidia,Windows,10,2.24kg,"1339,00"
HP,ZBook 17,Workstation,15.6,Full HD 1920x1080,Intel Core i7 7700HQ 2.8GHz,Intel,8.0,256GB SSD,SSD,Nvidia Quadro M2200,Nvidia,Windows,10,3.14kg,"2064,90"
Dell,XPS 15,Notebook,15.6,4K Ultra HD / Touchscreen 3840x2160,Intel Core i5 7300HQ 2.5GHz,Intel,8.0,256GB SSD,SSD,Nvidia GeForce GTX 1050,Nvidia,Windows,10,2.06kg,"1749,00"
Dell,Inspiron 7567,Gaming,15.6,4K Ultra HD 3840x2160,Intel Core i7 7700HQ 2.8GHz,Intel,16.0,512GB SSD,SSD,Nvidia GeForce GTX 1050 Ti,Nvidia,Windows,10,2.62kg,"1679,00"
Lenovo,IdeaPad 310-15IKB,Notebook,15.6,Full HD 1920x1080,Intel Core i5 7200U 2.5GHz,Intel,4.0,1TB HDD,HDD,Nvidia GeForce 920M,Nvidia,Windows,10,2.4kg,"609,00"
MSI,GE72MVR 7RG,Gaming,17.3,Full HD 1920x1080,Intel Core i7 7700HQ 2.8GHz,Intel,16.0,512GB SSD +  1TB HDD,SSD,Nvidia GeForce GTX 1070,Nvidia,Windows,10,2.9kg,"2415,00"
Dell,Vostro 5568,Notebook,15.6,Full HD 1920x1080,Intel Core i7 7500U 2.7GHz,Intel,8.0,1TB HDD,HDD,Nvidia GeForce GT 940MX,Nvidia,Windows,10,1.98kg,"961,00"
Dell,Alienware 17,Gaming,17.3,IPS Panel Full HD 1920x1080,Intel Core i7 7700HQ 2.8GHz,Intel,16.0,128GB SSD +  1TB HDD,SSD,Nvidia GeForce GTX 1060,Nvidia,Windows,10,4.36kg,"2505,02"
MSI,GL62M 7RD,Gaming,15.6,Full HD 1920x1080,Intel Core i5 7300HQ 2.5GHz,Intel,8.0,256GB SSD,SSD,Nvidia GeForce GTX 1050,Nvidia,Windows,10,2.4kg,"1199,00"
Razer,Blade Pro,Gaming,17.3,4K Ultra HD / Touchscreen 3840x2160,Intel Core i7 7820HK 2.9GHz,Intel,32.0,512GB SSD,SSD,Nvidia GeForce GTX 1080,Nvidia,Windows,10,3.49kg,"5499,00"
Asus,VivoBook Max,Notebook,15.6,Full HD 1920x1080,Intel Core i5 7200U 2.5GHz,Intel,4.0,1TB HDD,HDD,Nvidia GeForce 920,Nvidia,Linux,,2.1kg,"519,00"
Dell,Alienware 15,Gaming,15.6,Full HD 1920x1080,Intel Core i7 7700HQ 2.8GHz,Intel,16.0,256GB SSD +  1TB HDD,SSD,Nvidia GeForce GTX 1070,Nvidia,Windows,10,3.21kg,"2774,63"
Asus,Rog GL702VS-BA023T,Gaming,17.3,Full HD 1920x1080,Intel Core i7 7700HQ 2.8GHz,Intel,16.0,256GB SSD +  1TB HDD,SSD,Nvidia GeForce GTX 1070,Nvidia,Windows,10,2.9kg,"2419,00"
Asus,Rog GL702VM-GC017T,Gaming,17.3,Full HD 1920x1080,Intel Core i7 6700HQ 2.6GHz,Intel,16.0,512GB SSD +  1TB HDD,SSD,Nvidia GeForce GTX 1060,Nvidia,Windows,10,2.73kg,"1799,00"
Dell,Alienware 17,Gaming,17.3,IPS Panel Full HD 1920x1080,Intel Core i7 7700HQ 2.8GHz,Intel,32.0,512GB SSD +  1TB HDD,SSD,Nvidia GeForce GTX 1070,Nvidia,Windows,10,4.42kg,"3072,89"
HP,ProBook 470,Notebook,17.3,1600x900,Intel Core i5 7200U 2.5GHz,Intel,8.0,1TB HDD,HDD,Nvidia GeForce 930MX,Nvidia,Windows,10,2.63kg,"910,00"
Asus,ZenBook UX310UQ-GL026T,Ultrabook,13.3,IPS Panel Full HD 1920x1080,Intel Core i5 6200U 2.3GHz,Intel,8.0,512GB SSD,SSD,Nvidia GeForce 940M,Nvidia,Windows,10,1.45kg,"1026,00"
Asus,Rog GL502VM-DS74,Gaming,15.6,Full HD 1920x1080,Intel Core i7 7700HQ 2.8GHz,Intel,16.0,128GB SSD +  1TB HDD,SSD,Nvidia GeForce GTX 1060,Nvidia,Windows,10,2.1kg,"1899,00"
Lenovo,ThinkPad T470p,Ultrabook,14.0,IPS Panel Full HD 1920x1080,Intel Core i7 7700HQ 2.8GHz,Intel,8.0,256GB SSD,SSD,Nvidia GeForce GT 940MX,Nvidia,Windows,10,1.96kg,"1903,00"
Asus,K556UR-DM621T (i7-7500U/8GB/256GB/GeForce,Notebook,15.6,IPS Panel Full HD 1920x1080,Intel Core i7 7500U 2.7GHz,Intel,8.0,256GB SSD,SSD,Nvidia GeForce GTX 930MX,Nvidia,Windows,10,2.3kg,"787,00"
Lenovo,Legion Y520-15IKBN,Gaming,15.6,IPS Panel Full HD 1920x1080,Intel Core i5 7300HQ 2.5GHz,Intel,8.0,1TB HDD,HDD,Nvidia GeForce GTX 1050,Nvidia,No OS,,2.5kg,"1017,00"
Dell,Precision 3520,Workstation,15.6,Full HD 1920x1080,Intel Core i7 7700HQ 2.8GHz,Intel,8.0,1TB HDD,HDD,Nvidia Quadro M620,Nvidia,Windows,10,2.23kg,"1778,00"
Samsung,Notebook 9,Ultrabook,15.0,Full HD 1920x1080,Intel Core i7 7500U 2.7GHz,Intel,16.0,256GB SSD,SSD,Nvidia GeForce 940MX,Nvidia,Windows,10,1.23kg,"1849,00"
Xiaomi,Mi Notebook,Ultrabook,13.3,IPS Panel Full HD 1920x1080,Intel Core i5 6200U 2.3GHz,Intel,8.0,256GB SSD,SSD,Nvidia GeForce 940MX,Nvidia,Windows,10,1.28kg,"935,00"
Dell,Vostro 5568,Notebook,15.6,Full HD 1920x1080,Intel Core i5 7200U 2.5GHz,Intel,4.0,128GB SSD +  1TB HDD,SSD,Nvidia GeForce 940MX,Nvidia,Windows,10,2.18kg,"912,50"
Lenovo,IdeaPad 510-15ISK,Notebook,15.6,IPS Panel Full HD 1920x1080,Intel Core i7 6500U 2.5GHz,Intel,8.0,1TB HDD,HDD,Nvidia GeForce 940MX,Nvidia,Windows,10,2.2kg,"669,00"
Asus,Rog GL753VD-GC082T,Gaming,17.3,Full HD 1920x1080,Intel Core i5 7300HQ 2.5GHz,Intel,12.0,128GB SSD +  1TB HDD,SSD,Nvidia GeForce GTX 1050,Nvidia,Windows,10,2.2kg,"1369,90"
MSI,GS73VR Stealth,Gaming,17.3,IPS Panel 4K Ultra HD 3840x2160,Intel Core i7 6700HQ 2.6GHz,Intel,16.0,512GB SSD +  2TB HDD,SSD,Nvidia GeForce GTX 1060,Nvidia,Windows,10,2.43kg,"2649,00"
Dell,Inspiron 7567,Gaming,15.6,Full HD 1920x1080,Intel Core i7 7700HQ 2.8GHz,Intel,8.0,1TB HDD,HDD,Nvidia GeForce GTX 1050Ti,Nvidia,Linux,,2.62kg,"929,00"
HP,ProBook 450,Notebook,15.6,Full HD 1920x1080,Intel Core i7 7500U 2.7GHz,Intel,8.0,1TB HDD,HDD,Nvidia GeForce 930MX,Nvidia,Windows,10,2.04kg,"900,00"
Asus,G701VO-IH74K (i7-6820HK/32GB/2x,Gaming,17.3,IPS Panel Full HD 1920x1080,Intel Core i7 6820HK 2.7GHz,Intel,32.0,256GB SSD +  256GB SSD,SSD,Nvidia GeForce GTX 980M,Nvidia,Windows,10,3.58kg,"1279,00"
Lenovo,IdeaPad Y700-15ISK,Notebook,15.6,IPS Panel Full HD 1920x1080,Intel Core i5 6300HQ 2.3GHz,Intel,8.0,128GB SSD +  1TB HDD,SSD,Nvidia GeForce GTX 960M,Nvidia,Windows,10,2.6kg,"789,00"
Lenovo,IdeaPad 510-15IKB,Notebook,15.6,Full HD 1920x1080,Intel Core i7 7500U 2.7GHz,Intel,6.0,256GB SSD,SSD,Nvidia GeForce 940MX,Nvidia,Windows,10,2.2kg,"789,00"
HP,ProBook 450,Notebook,15.6,Full HD 1920x1080,Intel Core i7 7500U 2.7GHz,Intel,8.0,256GB SSD,SSD,Nvidia GeForce 930MX,Nvidia,Windows,10,2.04kg,"1018,99"
MSI,GE72VR 6RF,Gaming,17.3,Full HD 1920x1080,Intel Core i7 7700HQ 2.8GHz,Intel,16.0,256GB SSD +  1TB HDD,SSD,Nvidia GeForce GTX 1050 Ti,Nvidia,Windows,10,2.7kg,"1599,00"
Dell,Inspiron 7567,Gaming,15.6,Full HD 1920x1080,Intel Core i7 7700HQ 2.8GHz,Intel,16.0,128GB SSD +  1TB HDD,SSD,Nvidia GeForce GTX 1050 Ti,Nvidia,Windows,10,2.6kg,"1349,00"
MSI,GL62M 7RD,Gaming,15.6,Full HD 1920x1080,Intel Core i5 7300HQ 2.5GHz,Intel,8.0,128GB SSD +  1TB HDD,SSD,Nvidia GeForce GTX 1050,Nvidia,Windows,10,2.2kg,"1119,91"
Toshiba,Tecra Z50-C-140,Notebook,15.6,IPS Panel Full HD 1920x1080,Intel Core i7 6600U 2.6GHz,Intel,16.0,256GB SSD,SSD,Nvidia GeForce 930M,Nvidia,Windows,10,2.4kg,"1975,00"
MSI,GP62M Leopard,Gaming,15.6,Full HD 1920x1080,Intel Core i7 7700HQ 2.8GHz,Intel,8.0,128GB SSD +  1TB HDD,SSD,Nvidia GeForce GTX 1050,Nvidia,Windows,10,2.2kg,"1199,00"
Dell,Alienware 17,Gaming,17.3,2560x1440,Intel Core i7 6820HK 2.7GHz,Intel,16.0,512GB SSD +  1TB HDD,SSD,Nvidia GeForce GTX 1080,Nvidia,Windows,10,4.36kg,"2758,00"
HP,Omen 17-W006na,Gaming,17.3,IPS Panel Full HD 1920x1080,Intel Core i5 6300HQ 2.3GHz,Intel,8.0,128GB SSD +  1TB HDD,SSD,Nvidia GeForce GTX 965M,Nvidia,Windows,10,2.75kg,"1399,00"
Asus,X751SV-TY001T (N3710/4GB/1TB/GeForce,Notebook,17.3,1600x900,Intel Pentium Quad Core N3710 1.6GHz,Intel,4.0,1TB HDD,HDD,Nvidia GeForce 920MX,Nvidia,Windows,10,2.8kg,"530,00"
Lenovo,IdeaPad 310-15IKB,Notebook,15.6,Full HD 1920x1080,Intel Core i7 7500U 2.7GHz,Intel,8.0,1TB HDD,HDD,Nvidia GeForce 920MX,Nvidia,No OS,,2.2kg,"685,00"
HP,ZBook Studio,Workstation,15.6,IPS Panel Full HD 1920x1080,Intel Core i7 6820HQ 2.7GHz,Intel,8.0,8GB SSD,SSD,Nvidia Quadro M1000M,Nvidia,Windows,10,2.0kg,"2249,00"
Dell,Alienware 17,Gaming,17.3,IPS Panel 4K Ultra HD 3840x2160,Intel Core i7 7700HQ 2.8GHz,Intel,16.0,512GB SSD +  1TB HDD,SSD,Nvidia GeForce GTX 1070,Nvidia,Windows,10,4.36kg,"3154,00"
Acer,Aspire F5-573G-510L,Notebook,15.6,Full HD 1920x1080,Intel Core i5 7200U 2.5GHz,Intel,12.0,128GB SSD +  1TB HDD,SSD,Nvidia GeForce GTX 950M,Nvidia,Windows,10,2.4kg,"1009,00"
HP,ProBook 450,Notebook,15.6,1366x768,Intel Core i5 7200U 2.50GHz,Intel,8.0,1TB HDD,HDD,Nvidia GeForce 930MX,Nvidia,Windows,10,2.04kg,"846,50"
Dell,Alienware 17,Gaming,17.3,IPS Panel Full HD 1920x1080,Intel Core i7 7700HQ 2.8GHz,Intel,32.0,256GB SSD +  1TB HDD,SSD,Nvidia GeForce GTX 1070,Nvidia,Windows,10,4.42kg,"3149,00"
Lenovo,IdeaPad 310-15IKB,Notebook,15.6,Full HD 1920x1080,Intel Core i5 7200U 2.5GHz,Intel,6.0,256GB SSD,SSD,Nvidia GeForce 920MX,Nvidia,Windows,10,2.4kg,"695,00"
Dell,Alienware 17,Gaming,17.3,Full HD 1920x1080,Intel Core i7 6700HQ 2.6GHz,Intel,32.0,256GB SSD +  1TB HDD,SSD,Nvidia GeForce GTX 1070,Nvidia,Windows,10,4.42kg,"2800,00"
Asus,Rog Strix,Gaming,17.3,Full HD 1920x1080,Intel Core i7 7700HQ 2.8GHz,Intel,16.0,256GB SSD +  1TB HDD,SSD,Nvidia GeForce GTX 1060,Nvidia,Windows,10,2.73kg,"2049,90"
HP,Probook 450,Notebook,15.6,IPS Panel Full HD 1920x1080,Intel Core i5 7200U 2.70GHz,Intel,8.0,128GB SSD +  1TB HDD,SSD,Nvidia GeForce 930MX,Nvidia,Windows,10,2.04kg,"979,00"
Asus,Q534UX-BHI7T19 (i7-7500U/16GB/2TB,2 in 1 Convertible,15.6,4K Ultra HD / Touchscreen 3840x2160,Intel Core i7 7500U 2.7GHz,Intel,16.0,512GB SSD +  2TB HDD,SSD,Nvidia GeForce GTX 950M,Nvidia,Windows,10,2.3kg,"1799,00"
Asus,Rog GL753VE-DS74,Gaming,17.3,Full HD 1920x1080,Intel Core i7 7700HQ 2.8GHz,Intel,16.0,256GB SSD +  1TB HDD,SSD,Nvidia GeForce GTX 1050 Ti,Nvidia,Windows,10,2.99kg,"1749,00"
Lenovo,Legion Y520-15IKBN,Gaming,15.6,IPS Panel Full HD 1920x1080,Intel Core i7 7700HQ 2.8GHz,Intel,8.0,128GB SSD +  1TB HDD,SSD,Nvidia GeForce GTX 1060,Nvidia,Windows,10,2.5kg,"1189,00"
Asus,Rog GL553VE-DS74,Gaming,15.6,Full HD 1920x1080,Intel Core i7 7700HQ 2.8GHz,Intel,16.0,256GB SSD +  1TB HDD,SSD,Nvidia GeForce GTX 1050 Ti,Nvidia,Windows,10,2.5kg,"1799,00"
Acer,Nitro 5,Gaming,15.6,IPS Panel Full HD 1920x1080,Intel Core i7 7700HQ 2.8GHz,Intel,8.0,128GB SSD +  1TB HDD,SSD,Nvidia GeForce GTX 1050,Nvidia,Windows,10,2.7kg,"1260,00"
HP,ProBook 440,Notebook,14.0,Full HD 1920x1080,Intel Core i5 7200U 2.5GHz,Intel,8.0,256GB SSD,SSD,Nvidia GeForce 930MX,Nvidia,Windows,10,1.64kg,"1049,26"
Dell,Inspiron 7567,Gaming,15.6,Full HD 1920x1080,Intel Core i5 7300HQ 2.5GHz,Intel,8.0,1TB Hybrid,Hybrid,Nvidia GeForce GTX 1050,Nvidia,Windows,10,2.65kg,"949,00"
Lenovo,ThinkPad P70,Notebook,17.3,IPS Panel 4K Ultra HD 3840x2160,Intel Core i7 6820HQ 2.7GHz,Intel,16.0,512GB SSD,SSD,Nvidia Quadro 3000M,Nvidia,Windows,7,2.4kg,"2968,00"
HP,ProBook 440,Notebook,14.0,Full HD 1920x1080,Intel Core i7 7500U 2.7GHz,Intel,8.0,256GB SSD,SSD,Nvidia GeForce 930MX,Nvidia,Windows,10,1.64kg,"1185,43"
HP,Probook 470,Notebook,17.3,Full HD 1920x1080,Intel Core i5 7200U 2.5GHz,Intel,8.0,256GB SSD,SSD,Nvidia GeForce 930MX,Nvidia,Windows,10,2.63kg,"1080,00"
MSI,GL72M 7RDX,Gaming,17.3,Full HD 1920x1080,Intel Core i7 7700HQ 2.8GHz,Intel,8.0,128GB SSD +  1TB HDD,SSD,Nvidia GeForce GTX 1050,Nvidia,Windows,10,2.7kg,"1191,80"
Toshiba,Tecra A50-C-218,Notebook,15.6,IPS Panel Full HD 1920x1080,Intel Core i7 6500U 2.5GHz,Intel,16.0,256GB SSD,SSD,Nvidia GeForce 930M,Nvidia,Windows,10,2.4kg,"1425,00"
MSI,GT72S Dominator,Gaming,17.3,IPS Panel Full HD 1920x1080,Intel Core i7 6820HK 2.7GHz,Intel,16.0,256GB SSD +  1TB HDD,SSD,Nvidia GeForce GTX 980M,Nvidia,Windows,10,3.78kg,"1545,64"
Lenovo,IdeaPad Y900-17ISK,Gaming,17.3,IPS Panel Full HD 1920x1080,Intel Core i7 6700HQ 2.6GHz,Intel,16.0,128GB SSD +  1TB HDD,SSD,Nvidia GeForce GTX 980M,Nvidia,Windows,10,4.6kg,"2289,99"
HP,Noteb Pav,Notebook,15.6,IPS Panel Full HD 1920x1080,Intel Core i7 7500U 2.7GHz,Intel,8.0,1TB HDD,HDD,Nvidia GeForce 940MX,Nvidia,Windows,10,1.91kg,"979,00"
MSI,GT62VR 6RD,Gaming,15.6,Full HD 1920x1080,Intel Core i7 6700HQ 2.6GHz,Intel,16.0,256GB SSD +  1TB HDD,SSD,Nvidia GeForce GTX 1060,Nvidia,Windows,10,2.94kg,"1819,00"
Asus,Rog G752VL-GC088D,Gaming,17.3,IPS Panel Full HD 1920x1080,Intel Core i7 6700HQ 2.6GHz,Intel,16.0,1TB HDD,HDD,Nvidia GeForce GTX 965M,Nvidia,No OS,,4kgs,"998,00"
MSI,GS63VR 6RF,Gaming,15.6,Full HD 1920x1080,Intel Core i7 6700HQ 2.6GHz,Intel,16.0,256GB SSD +  1TB HDD,SSD,Nvidia GeForce GTX 1060,Nvidia,Windows,10,1.8kg,"1929,00"
Asus,ROG G701VO,Gaming,17.3,IPS Panel Full HD 1920x1080,Intel Core i7 6820HK 2.7GHz,Intel,64.0,1TB SSD,SSD,Nvidia GeForce GTX 980 ,Nvidia,Windows,10,3.58kg,"3975,00"
Dell,Alienware 15,Gaming,15.6,4K Ultra HD 3840x2160,Intel Core i7 6700HQ 2.6GHz,Intel,16.0,256GB SSD +  1TB HDD,SSD,Nvidia GeForce GTX 970M,Nvidia,Windows,10,3.21kg,"1329,00"
Lenovo,Ideapad 700-15ISK,Notebook,15.6,IPS Panel Full HD 1920x1080,Intel Core i5 6300HQ 2.3GHz,Intel,4.0,1TB HDD,HDD,Nvidia GeForce GTX 950M,Nvidia,Windows,10,2.3kg,"977,00"
MSI,GT72VR Dominator,Gaming,17.3,Full HD 1920x1080,Intel Core i7 7700HQ 2.8GHz,Intel,16.0,256GB SSD +  1TB HDD,SSD,Nvidia GeForce GTX 1070,Nvidia,Windows,10,3.78kg,"2499,00"
Lenovo,IdeaPad Y900-17ISK,Gaming,17.3,IPS Panel Full HD 1920x1080,Intel Core i7 6820HK 2.7GHz,Intel,32.0,512GB SSD +  1TB Hybrid,SSD,Nvidia GeForce GTX 980M,Nvidia,Windows,10,4.6kg,"3240,00"
Asus,Rog GL702VM-GC354T,Gaming,17.3,IPS Panel Full HD 1920x1080,Intel Core i7 7700HQ 2.8GHz,Intel,8.0,256GB SSD +  1TB HDD,SSD,Nvidia GeForce GTX 1060,Nvidia,Windows,10,2.7kg,"1599,00"
Acer,Aspire F5-573G,Notebook,15.6,Full HD 1920x1080,Intel Core i5 7200U 2.5GHz,Intel,8.0,256GB SSD +  1TB HDD,SSD,Nvidia GeForce GTX 950M,Nvidia,Windows,10,2.4kg,"799,00"
MSI,GS70 Stealth,Gaming,17.3,Full HD 1920x1080,Intel Core i7 6700HQ 2.6GHz,Intel,8.0,256GB SSD,SSD,Nvidia GeForce GTX 965M,Nvidia,Windows,10,2.6kg,"1599,00"
Asus,G752VY-GC162T (i7-6700HQ/16GB/1TB,Gaming,17.3,IPS Panel Full HD 1920x1080,Intel Core i7 6700HQ 2.6GHz,Intel,16.0,128GB SSD +  1TB HDD,SSD,Nvidia GeForce GTX 980M,Nvidia,Windows,10,4.3kg,"2299,00"
Lenovo,Legion Y520-15IKBN,Gaming,15.6,Full HD 1920x1080,Intel Core i7 7700HQ 2.8GHz,Intel,16.0,512GB SSD,SSD,Nvidia GeForce GTX 1050 Ti,Nvidia,Windows,10,2.4kg,"1199,00"
MSI,GE72 Apache,Gaming,17.3,Full HD 1920x1080,Intel Core i7 6700HQ 2.6GHz,Intel,8.0,128GB SSD +  1TB HDD,SSD,Nvidia GeForce GTX 960M,Nvidia,Windows,10,2.9kg,"1511,19"
Asus,Rog GL552VW-CN470T,Gaming,15.6,IPS Panel Full HD 1920x1080,Intel Core i7 6700HQ 2.6GHz,Intel,16.0,128GB SSD +  1TB HDD,SSD,Nvidia GeForce GTX 960M,Nvidia,Windows,10,2.59kg,"1339,00"
Lenovo,IdeaPad Y900-17ISK,Gaming,17.3,IPS Panel Full HD 1920x1080,Intel Core i7 6820HK 2.7GHz,Intel,16.0,256GB SSD +  1TB Hybrid,SSD,Nvidia GeForce GTX 980M,Nvidia,Windows,10,4.6kg,"2749,99"
Asus,Rog GL752VW-T4308T,Gaming,17.3,Full HD 1920x1080,Intel Core i7 6700HQ 2.6GHz,Intel,8.0,128GB SSD +  1TB HDD,SSD,Nvidia GeForce GTX 960M,Nvidia,Windows,10,3.52kg,"1312,49"
Lenovo,Legion Y520-15IKBN,Gaming,15.6,IPS Panel Full HD 1920x1080,Intel Core i5 7300HQ 2.5GHz,Intel,8.0,128GB SSD +  1TB HDD,SSD,Nvidia GeForce GTX 1060,Nvidia,No OS,,2.4kg,"989,00"
HP,Omen -,Gaming,17.3,IPS Panel Full HD 1920x1080,Intel Core i5 6300HQ 2.3GHz,Intel,8.0,128GB SSD +  1TB HDD,SSD,Nvidia GeForce GTX 1060,Nvidia,Windows,10,3.35kg,"1129,00"
Lenovo,ThinkPad P40,2 in 1 Convertible,14.0,IPS Panel Full HD / Touchscreen 1920x1080,Intel Core i7 6600U 2.6GHz,Intel,8.0,512GB SSD,SSD,Nvidia Quadro M500M,Nvidia,Windows,7,1.8kg,"2050,38"
Acer,Aspire E5-576G,Notebook,15.6,Full HD 1920x1080,Intel Core i5 7200U 2.5GHz,Intel,4.0,1TB HDD,HDD,Nvidia GeForce 940MX,Nvidia,Windows,10,2.23kg,"616,00"
HP,ZBook 17,Workstation,17.3,IPS Panel Full HD 1920x1080,Intel Core i7 6700HQ 2.6GHz,Intel,8.0,256GB SSD,SSD,Nvidia Quadro M3000M,Nvidia,Windows,7,3kg,"3949,40"
MSI,GT72S Dominator,Gaming,17.3,Full HD 1920x1080,Intel Core i7 6820HQ 2.7GHz,Intel,16.0,256GB SSD +  1TB HDD,SSD,Nvidia GeForce GTX 980M,Nvidia,Windows,10,3.78kg,"2399,00"
MSI,GP62M 7RDX,Gaming,15.6,Full HD 1920x1080,Intel Core i7 7700HQ 2.8GHz,Intel,8.0,128GB SSD +  1TB HDD,SSD,Nvidia GeForce GTX 1050,Nvidia,Windows,10,2.4kg,"1142,80"
HP,ZBook 15,Workstation,15.6,IPS Panel Full HD 1920x1080,Intel Core i7 6700HQ 2.6GHz,Intel,8.0,256GB SSD,SSD,Nvidia Quadro M1000M,Nvidia,Windows,7,2.59kg,"2229,00"
HP,ZBook Studio,Workstation,15.6,Full HD 1920x1080,Intel Core i7 6700HQ 2.6GHz,Intel,8.0,256GB SSD,SSD,Nvidia Quadro M1000M,Nvidia,Windows,7,2.0kg,"1899,00"
Dell,Vostro 5568,Notebook,15.6,Full HD 1920x1080,Intel Core i7 7500U 2.7GHz,Intel,8.0,256GB SSD,SSD,Nvidia GeForce 940MX,Nvidia,Windows,10,2.18kg,"1009,90"
Dell,Inspiron 7567,Gaming,15.6,Full HD 1920x1080,Intel Core i7 7700HQ 2.8GHz,Intel,8.0,1TB HDD,HDD,Nvidia GeForce GTX 1050Ti,Nvidia,Windows,10,2.62kg,"1199,00"
Dell,XPS 15,Notebook,15.6,IPS Panel Touchscreen / 4K Ultra HD 3840x2160,Intel Core i5 6300HQ 2.3GHz,Intel,8.0,256GB SSD,SSD,Nvidia GeForce 960M,Nvidia,Windows,10,2.04kg,"2250,68"
MSI,GP72M 7REX,Gaming,17.3,Full HD 1920x1080,Intel Core i7 7700HQ 2.8GHz,Intel,16.0,256GB SSD +  1TB HDD,SSD,Nvidia GeForce GTX 1050 Ti,Nvidia,Windows,10,2.7kg,"1492,80"
MSI,GS40 Phantom,Gaming,14.0,Full HD 1920x1080,Intel Core i7 6700HQ 2.6GHz,Intel,16.0,256GB SSD +  1TB HDD,SSD,Nvidia GeForce GTX 970M,Nvidia,Windows,10,1.7kg,"1769,00"
HP,Pavilion 15-cb003nv,Gaming,15.6,IPS Panel Full HD 1920x1080,Intel Core i7 7700HQ 2.8GHz,Intel,8.0,1TB HDD,HDD,Nvidia GeForce GTX 1050,Nvidia,Windows,10,2.62kg,"899,00"
Dell,Inspiron 7567,Gaming,15.6,4K Ultra HD 3840x2160,Intel Core i7 7700HQ 2.8GHz,Intel,8.0,128GB SSD +  1TB HDD,SSD,Nvidia GeForce GTX 1050 Ti,Nvidia,Windows,10,2.62kg,"1498,00"
Lenovo,320-15ISK (i3-6006U/4GB/1TB/GeForce,Notebook,15.6,Full HD 1920x1080,Intel Core i3 6006U 2GHz,Intel,4.0,1TB HDD,HDD,Nvidia GeForce 920MX ,Nvidia,Windows,10,2.2kg,"468,00"
MSI,PL60 7RD,Gaming,15.6,IPS Panel Full HD 1920x1080,Intel Core i7 7500U 2.7GHz,Intel,8.0,1TB HDD,HDD,Nvidia GeForce GTX 1050,Nvidia,Windows,10,2.2kg,"839,00"
Lenovo,IdeaPad 510-15IKB,Notebook,15.6,Full HD 1920x1080,Intel Core i7 7500U 2.7GHz,Intel,8.0,1TB HDD,HDD,Nvidia GeForce 940MX,Nvidia,No OS,,2.2kg,"709,00"
Lenovo,IdeaPad Y700-15ISK,Gaming,15.6,IPS Panel Full HD 1920x1080,Intel Core i7 6700HQ 2.6GHz,Intel,16.0,512GB SSD,SSD,Nvidia GeForce GTX 960,Nvidia,Windows,10,3.31kg,"1305,00"
MSI,GS60 Ghost,Gaming,15.6,Full HD 1920x1080,Intel Core i7 6700HQ 2.6GHz,Intel,16.0,128GB SSD +  1TB HDD,SSD,Nvidia GeForce GTX 970M,Nvidia,Windows,10,1.91kg,"2153,37"
Lenovo,IdeaPad 310-15IKB,Ultrabook,15.6,Full HD 1920x1080,Intel Core i7 7500U 2.7GHz,Intel,6.0,256GB SSD,SSD,Nvidia GeForce 920M,Nvidia,Windows,10,1.54kg,"831,00"
Dell,Vostro 5568,Notebook,15.6,Full HD 1920x1080,Intel Core i7 7500U 2.7GHz,Intel,8.0,256GB SSD,SSD,Nvidia GeForce GT 940MX,Nvidia,Linux,,1.98kg,"895,01"
HP,Pavilion 15-BC000nv,Notebook,15.6,IPS Panel Full HD 1920x1080,Intel Core i7 6700HQ 2.6GHz,Intel,6.0,1TB HDD,HDD,Nvidia GeForce GTX 960M,Nvidia,Windows,10,2.18kg,"799,00"
Asus,Rog GL552VW-DM201T,Gaming,15.6,IPS Panel Full HD 1920x1080,Intel Core i7 6700HQ 2.6GHz,Intel,8.0,256GB SSD +  1TB HDD,SSD,Nvidia GeForce GTX 960M,Nvidia,Windows,10,2.591kg,"909,00"
Acer,Aspire E5-576G,Notebook,15.6,Full HD 1920x1080,Intel Core i5 7200U 2.5GHz,Intel,4.0,256GB SSD,SSD,Nvidia GeForce 940MX,Nvidia,Windows,10,2.23kg,"691,00"
Acer,Predator G9-793,Gaming,17.3,IPS Panel Full HD 1920x1080,Intel Core i7 7700HQ 2.8GHz,Intel,16.0,256GB SSD +  1TB HDD,SSD,Nvidia GeForce GTX 1070,Nvidia,Windows,10,4.2kg,"2599,00"
Lenovo,Legion Y520-15IKBN,Gaming,15.6,IPS Panel Full HD 1920x1080,Intel Core i5 7300HQ 2.5GHz,Intel,8.0,1TB HDD,HDD,Nvidia GeForce GTX 1050,Nvidia,Windows,10,2.4kg,"819,00"
HP,Pavilion Power,Notebook,15.6,IPS Panel Full HD 1920x1080,Intel Core i7 7700HQ 2.8GHz,Intel,12.0,128GB SSD +  1TB HDD,SSD,Nvidia GeForce GTX 1050,Nvidia,Windows,10,2.21kg,"1327,00"
Asus,Rog G752VY-GC229T,Gaming,17.3,IPS Panel Full HD 1920x1080,Intel Core i7 6700HQ 2.6GHz,Intel,16.0,512GB SSD +  1TB HDD,SSD,Nvidia GeForce GTX 980M,Nvidia,Windows,10,4.3kg,"2150,00"
MSI,GS73VR 7RF,Gaming,17.3,Full HD 1920x1080,Intel Core i7 7700HQ 2.8GHz,Intel,16.0,256GB SSD +  1TB HDD,SSD,Nvidia GeForce GTX 1060,Nvidia,Windows,10,2.43kg,"2048,90"
Lenovo,IdeaPad 310-15ISK,Notebook,15.6,1366x768,Intel Core i7 6500U 2.5GHz,Intel,8.0,500GB HDD,HDD,Nvidia GeForce 920MX,Nvidia,No OS,,2.2kg,"629,00"
Asus,FX502VM-DM105T (i7-6700HQ/8GB/1TB/GeForce,Gaming,15.6,Full HD 1920x1080,Intel Core i7 6700HQ 2.6GHz,Intel,8.0,1TB HDD,HDD,Nvidia GeForce GTX 1060,Nvidia,Windows,10,2.2kg,"1169,00"
Acer,Aspire E5-774G,Notebook,17.3,1600x900,Intel Core i3 6006U 2.0GHz,Intel,8.0,1TB HDD,HDD,Nvidia GeForce 940MX,Nvidia,Windows,10,3.3kg,"629,00"
Asus,Rog Strix,Gaming,15.6,Full HD 1920x1080,Intel Core i7 7700HQ 2.8GHz,Intel,16.0,256GB SSD +  1TB HDD,SSD,Nvidia GeForce GTX 1070,Nvidia,Windows,10,2.2kg,"2449,00"
Asus,FX502VM-AS73 (i7-7700HQ/16GB/1TB,Notebook,15.6,Full HD 1920x1080,Intel Core i7 7700HQ 2.8GHz,Intel,16.0,128GB SSD +  1TB HDD,SSD,Nvidia GeForce GTX 1060,Nvidia,Windows,10,2.2kg,"1749,00"
MSI,GS73VR Stealth,Gaming,17.3,IPS Panel Full HD 1920x1080,Intel Core i7 6700HQ 2.6GHz,Intel,16.0,256GB SSD +  1TB HDD,SSD,Nvidia GeForce GTX 1060,Nvidia,Windows,10,2.43kg,"1948,99"
Asus,ROG Strix,Gaming,17.3,Full HD 1920x1080,Intel Core i7 7700HQ 2.8GHz,Intel,16.0,256GB SSD +  1TB HDD,SSD,Nvidia GeForce GTX 1060,Nvidia,Windows,10,2.9kg,"1949,00"
Acer,E5 774G,Notebook,17.3,1600x900,Intel Core i3 6006U 2GHz,Intel,4.0,1TB HDD,HDD,Nvidia GeForce 940MX,Nvidia,Windows,10,3.3kg,"598,00"
Lenovo,IdeaPad Y700-15ISK,Gaming,15.6,IPS Panel Full HD 1920x1080,Intel Core i7 6700HQ 2.6GHz,Intel,8.0,128GB SSD +  1TB HDD,SSD,Nvidia GeForce GTX 960<U+039C>,Nvidia,Windows,10,2.6kg,"1272,00"
MSI,GP62MVR 6RF,Gaming,15.6,Full HD 1920x1080,Intel Core i7 6700HQ 2.6GHz,Intel,8.0,128GB SSD +  1TB HDD,SSD,Nvidia GeForce GTX 1060,Nvidia,Windows,10,2.2kg,"1476,11"
Lenovo,IdeaPad Y700-15ISK,Gaming,15.6,IPS Panel Full HD / Touchscreen 1920x1080,Intel Core i7 6700HQ 2.6GHz,Intel,16.0,128GB SSD +  1TB HDD,SSD,Nvidia GeForce GTX 960M,Nvidia,Windows,10,2.6kg,"1029,00"
MSI,GL62M 7RDX,Gaming,15.6,Full HD 1920x1080,Intel Core i7 7700HQ 2.8GHz,Intel,8.0,128GB SSD +  1TB HDD,SSD,Nvidia GeForce GTX 1050,Nvidia,Windows,10,2.2kg,"1149,00"
Razer,Blade Pro,Gaming,14.0,Full HD 1920x1080,Intel Core i7 7700HQ 2.8GHz,Intel,16.0,1TB SSD,SSD,Nvidia GeForce GTX 1060,Nvidia,Windows,10,1.95kg,"3499,00"
MSI,GE72VR Apache,Gaming,17.3,Full HD 1920x1080,Intel Core i7 7700HQ 2.8GHz,Intel,16.0,256GB SSD +  1TB HDD,SSD,Nvidia GeForce GTX 1060,Nvidia,Windows,10,2.7kg,"1598,00"
MSI,GL62 6QF,Gaming,15.6,Full HD 1920x1080,Intel Core i7 6700HQ 2.6GHz,Intel,8.0,128GB SSD +  1TB HDD,SSD,Nvidia GeForce GTX 960M,Nvidia,Windows,10,2.3kg,"1169,00"
Dell,Inspiron 7779,2 in 1 Convertible,17.3,Full HD / Touchscreen 1920x1080,Intel Core i7 7500U 2.7GHz,Intel,16.0,512GB SSD,SSD,Nvidia GeForce 940MX,Nvidia,Windows,10,2.77kg,"1799,00"
Asus,Rog GL553VE-FY052T,Gaming,15.6,IPS Panel Full HD 1920x1080,Intel Core i7 7700HQ 2.8GHz,Intel,16.0,256GB SSD +  1TB HDD,SSD,Nvidia GeForce GTX 1050 Ti,Nvidia,Windows,10,2.5kg,"1600,00"
Asus,Rog GL502VS,Gaming,15.6,IPS Panel Full HD 1920x1080,Intel Core i7 6700HQ 2.6GHz,Intel,16.0,256GB SSD +  1TB HDD,SSD,Nvidia GeForce GTX 1070,Nvidia,Windows,10,2.34kg,"2325,00"
Lenovo,IdeaPad 310-15ISK,Notebook,15.6,Full HD 1920x1080,Intel Core i3 6100U 2.3GHz,Intel,6.0,128GB SSD,SSD,Nvidia GeForce 920MX,Nvidia,Windows,10,2.4kg,"569,00"
Asus,Rog G752VT-GC073T,Gaming,17.3,IPS Panel Full HD 1920x1080,Intel Core i7 6700HQ 2.6GHz,Intel,16.0,128GB SSD +  1TB HDD,SSD,Nvidia GeForce GTX 970M,Nvidia,Windows,10,4.0kg,"1900,00"
MSI,GE62 Apache,Gaming,15.6,Full HD 1920x1080,Intel Core i7 6700HQ 2.6GHz,Intel,8.0,128GB SSD +  1TB HDD,SSD,Nvidia GeForce GTX 960M,Nvidia,Windows,10,2.4kg,"1229,00"
Lenovo,IdeaPad Y700-15ISK,Notebook,15.6,IPS Panel Full HD 1920x1080,Intel Core i7 6700HQ 2.6GHz,Intel,8.0,1TB HDD,HDD,Nvidia GeForce GTX 960M,Nvidia,Windows,10,2.6kg,"899,00"
Asus,X556UJ-XO044T (i7-6500U/4GB/500GB/GeForce,Notebook,15.6,1366x768,Intel Core i7 6500U 2.5GHz,Intel,4.0,500GB HDD,HDD,Nvidia GeForce 920M,Nvidia,Windows,10,2.2kg,"720,32"
Lenovo,IdeaPad Y700-15ISK,Notebook,15.6,IPS Panel Full HD 1920x1080,Intel Core i7 6700HQ 2.6GHz,Intel,8.0,1TB HDD,HDD,Nvidia GeForce GTX 960M,Nvidia,Windows,10,2.6kg,"899,00"
Asus,X556UJ-XO044T (i7-6500U/4GB/500GB/GeForce,Notebook,15.6,1366x768,Intel Core i7 6500U 2.5GHz,Intel,4.0,500GB HDD,HDD,Nvidia GeForce 920M,Nvidia,Windows,10,2.2kg,"720,32"
Lenovo,IdeaPad Y700-15ISK,Notebook,15.6,IPS Panel Full HD 1920x1080,Intel Core i7 6700HQ 2.6GHz,Intel,8.0,1TB HDD,HDD,Nvidia GeForce GTX 960M,Nvidia,Windows,10,2.6kg,"899,00"
Asus,X556UJ-XO044T (i7-6500U/4GB/500GB/GeForce,Notebook,15.6,1366x768,Intel Core i7 6500U 2.5GHz,Intel,4.0,500GB HDD,HDD,Nvidia GeForce 920M,Nvidia,Windows,10,2.2kg,"720,32"
